year,month,day,visits
2014,12,06,4253
2014,12,05,26286
2014,12,04,11716
2014,12,03,10206
2014,12,02,26719
2014,12,01,20816
2014,11,30,24176
2014,11,29,17463
2014,11,28,9194
2014,11,27,23232
2014,11,26,6280
2014,11,25,13118
2014,11,24,24530
2014,11,23,22429
2014,11,22,1440
2014,11,21,31331
2014,11,20,1096
2014,11,19,12173
2014,11,18,28111
2014,11,17,23592
2014,11,16,27339
2014,11,15,24610
2014,11,14,28974
2014,11,13,13933
2014,11,12,20571
2014,11,11,2147
2014,11,10,14716
2014,11,09,2018
2014,11,08,3857
2014,11,07,25219
2014,11,06,6349
2014,11,05,21616
2014,11,04,8702
2014,11,03,24890
2014,11,02,25680
2014,11,01,25659
2014,10,31,2748
2014,10,30,19277
2014,10,29,15233
2014,10,28,5582
2014,10,27,17378
2014,10,26,25445
2014,10,25,14615
2014,10,24,5854
2014,10,23,24963
2014,10,22,6877
2014,10,21,21014
2014,10,20,19075
2014,10,19,31308
2014,10,18,13950
2014,10,17,18837
2014,10,16,26275
2014,10,15,30874
2014,10,14,31952
2014,10,13,18284
2014,10,12,15516
2014,10,11,16545
2014,10,10,14623
2014,10,09,18289
2014,10,08,26504
2014,10,07,19388
2014,10,06,17720
2014,10,05,183
2014,10,04,11662
2014,10,03,22909
2014,10,02,12189
2014,10,01,5371
2014,09,30,10735
2014,09,29,14782
2014,09,28,2978
2014,09,27,29257
2014,09,26,13143
2014,09,25,18398
2014,09,24,23659
2014,09,23,8269
2014,09,22,11482
2014,09,21,21431
2014,09,20,21355
2014,09,19,18840
2014,09,18,21636
2014,09,17,16737
2014,09,16,24513
2014,09,15,7942
2014,09,14,25671
2014,09,13,29374
2014,09,12,17029
2014,09,11,24157
2014,09,10,16236
2014,09,09,31545
2014,09,08,26004
2014,09,07,1935
2014,09,06,29297
2014,09,05,2909
2014,09,04,6929
2014,09,03,5988
2014,09,02,14644
2014,09,01,14395
2014,08,31,26905
2014,08,30,1640
2014,08,29,12063
2014,08,28,18003
2014,08,27,11426
2014,08,26,29854
2014,08,25,19718
2014,08,24,19031
2014,08,23,11756
2014,08,22,6881
2014,08,21,20302
2014,08,20,4121
2014,08,19,26264
2014,08,18,16459
2014,08,17,2750
2014,08,16,22199
2014,08,15,10347
2014,08,14,8252
2014,08,13,31192
2014,08,12,30390
2014,08,11,18286
2014,08,10,9299
2014,08,09,221
2014,08,08,17435
2014,08,07,32186
2014,08,06,26190
2014,08,05,3051
2014,08,04,6915
2014,08,03,29699
2014,08,02,31152
2014,08,01,8478
2014,07,31,16141
2014,07,30,29464
2014,07,29,21718
2014,07,28,26392
2014,07,27,4403
2014,07,26,11238
2014,07,25,16721
2014,07,24,18932
2014,07,23,29314
2014,07,22,20635
2014,07,21,30337
2014,07,20,9610
2014,07,19,5586
2014,07,18,14961
2014,07,17,28081
2014,07,16,914
2014,07,15,4886
2014,07,14,14231
2014,07,13,14576
2014,07,12,8593
2014,07,11,25108
2014,07,10,12676
2014,07,09,1353
2014,07,08,3479
2014,07,07,18329
2014,07,06,4365
2014,07,05,28277
2014,07,04,17551
2014,07,03,9342
2014,07,02,25930
2014,07,01,4058
2014,06,30,26807
2014,06,29,667
2014,06,28,7855
2014,06,27,1335
2014,06,26,30702
2014,06,25,12648
2014,06,24,9641
2014,06,23,2711
2014,06,22,18443
2014,06,21,28266
2014,06,20,6974
2014,06,19,3932
2014,06,18,1824
2014,06,17,19092
2014,06,16,16130
2014,06,15,22549
2014,06,14,23782
2014,06,13,11736
2014,06,12,21573
2014,06,11,13124
2014,06,10,22816
2014,06,09,26670
2014,06,08,23635
2014,06,07,804
2014,06,06,13769
2014,06,05,23642
2014,06,04,21235
2014,06,03,31759
2014,06,02,22086
2014,06,01,20119
2014,05,31,11131
2014,05,30,12083
2014,05,29,24700
2014,05,28,7736
2014,05,27,4338
2014,05,26,9273
2014,05,25,15710
2014,05,24,6523
2014,05,23,3199
2014,05,22,32320
2014,05,21,11404
2014,05,20,15088
2014,05,19,8742
2014,05,18,23586
2014,05,17,5027
2014,05,16,25232
2014,05,15,14886
2014,05,14,8333
2014,05,13,16836
2014,05,12,30463
2014,05,11,15401
2014,05,10,21806
2014,05,09,1396
2014,05,08,17858
2014,05,07,833
2014,05,06,29859
2014,05,05,5697
2014,05,04,18983
2014,05,03,30106
2014,05,02,8734
2014,05,01,10643
2014,04,30,6294
2014,04,29,26595
2014,04,28,4587
2014,04,27,2701
2014,04,26,32141
2014,04,25,1228
2014,04,24,6298
2014,04,23,20719
2014,04,22,22820
2014,04,21,27452
2014,04,20,31838
2014,04,19,13411
2014,04,18,6567
2014,04,17,31152
2014,04,16,24495
2014,04,15,10346
2014,04,14,4025
2014,04,13,5966
2014,04,12,21855
2014,04,11,7730
2014,04,10,16371
2014,04,09,15405
2014,04,08,32333
2014,04,07,11840
2014,04,06,18020
2014,04,05,29578
2014,04,04,15638
2014,04,03,5072
2014,04,02,23928
2014,04,01,3952
2014,03,31,16539
2014,03,30,20630
2014,03,29,19898
2014,03,28,19368
2014,03,27,15592
2014,03,26,31555
2014,03,25,12487
2014,03,24,30691
2014,03,23,2379
2014,03,22,28448
2014,03,21,15660
2014,03,20,27668
2014,03,19,26435
2014,03,18,2462
2014,03,17,4549
2014,03,16,27276
2014,03,15,25240
2014,03,14,7524
2014,03,13,11720
2014,03,12,20407
2014,03,11,19012
2014,03,10,5213
2014,03,09,6423
2014,03,08,27378
2014,03,07,31783
2014,03,06,1682
2014,03,05,668
2014,03,04,6708
2014,03,03,9196
2014,03,02,31668
2014,03,01,15484
2014,02,28,12396
2014,02,27,24772
2014,02,26,4888
2014,02,25,11343
2014,02,24,13487
2014,02,23,31982
2014,02,22,5235
2014,02,21,14701
2014,02,20,24992
2014,02,19,6963
2014,02,18,28593
2014,02,17,7539
2014,02,16,7192
2014,02,15,9080
2014,02,14,26035
2014,02,13,31985
2014,02,12,28476
2014,02,11,29719
2014,02,10,22880
2014,02,09,831
2014,02,08,20937
2014,02,07,8503
2014,02,06,20399
2014,02,05,9656
2014,02,04,3004
2014,02,03,3293
2014,02,02,18751
2014,02,01,28979
2014,01,31,1211
2014,01,30,15420
2014,01,29,16373
2014,01,28,6311
2014,01,27,20793
2014,01,26,18201
2014,01,25,30132
2014,01,24,8017
2014,01,23,8408
2014,01,22,32258
2014,01,21,25193
2014,01,20,318
2014,01,19,26543
2014,01,18,28077
2014,01,17,16083
2014,01,16,16222
2014,01,15,30510
2014,01,14,5469
2014,01,13,19497
2014,01,12,24566
2014,01,11,23438
2014,01,10,3838
2014,01,09,29012
2014,01,08,7443
2014,01,07,28053
2014,01,06,9043
2014,01,05,17137
2014,01,04,1198
2014,01,03,4801
2014,01,02,25708
2014,01,01,18967
2013,12,31,25278
2013,12,30,19253
2013,12,29,19854
2013,12,28,32232
2013,12,27,21585
2013,12,26,18402
2013,12,25,32058
2013,12,24,10044
2013,12,23,31747
2013,12,22,26274
2013,12,21,19681
2013,12,20,32153
2013,12,19,9141
2013,12,18,30164
2013,12,17,3235
2013,12,16,28946
2013,12,15,1500
2013,12,14,27129
2013,12,13,8372
2013,12,12,13690
2013,12,11,14348
2013,12,10,21580
2013,12,09,9995
2013,12,08,2703
2013,12,07,29189
2013,12,06,24650
2013,12,05,20400
2013,12,04,24750
2013,12,03,24517
2013,12,02,8249
2013,12,01,13951
2013,11,30,29495
2013,11,29,28831
2013,11,28,9223
2013,11,27,2706
2013,11,26,5983
2013,11,25,32275
2013,11,24,18685
2013,11,23,5575
2013,11,22,23268
2013,11,21,32708
2013,11,20,15367
2013,11,19,8968
2013,11,18,16604
2013,11,17,29058
2013,11,16,25722
2013,11,15,16079
2013,11,14,20712
2013,11,13,30771
2013,11,12,12688
2013,11,11,14251
2013,11,10,29558
2013,11,09,3555
2013,11,08,23290
2013,11,07,9369
2013,11,06,28484
2013,11,05,14043
2013,11,04,6830
2013,11,03,22564
2013,11,02,23184
2013,11,01,21970
2013,10,31,28963
2013,10,30,26352
2013,10,29,23407
2013,10,28,4152
2013,10,27,3645
2013,10,26,32477
2013,10,25,4336
2013,10,24,18307
2013,10,23,5119
2013,10,22,2103
2013,10,21,3098
2013,10,20,23903
2013,10,19,15137
2013,10,18,13740
2013,10,17,20449
2013,10,16,29944
2013,10,15,4879
2013,10,14,25768
2013,10,13,8522
2013,10,12,15401
2013,10,11,26078
2013,10,10,6523
2013,10,09,13711
2013,10,08,7187
2013,10,07,24506
2013,10,06,19529
2013,10,05,8144
2013,10,04,14655
2013,10,03,32312
2013,10,02,14387
2013,10,01,18668
2013,09,30,8177
2013,09,29,11820
2013,09,28,32265
2013,09,27,17852
2013,09,26,25667
2013,09,25,6509
2013,09,24,28465
2013,09,23,20785
2013,09,22,9692
2013,09,21,14843
2013,09,20,21926
2013,09,19,12234
2013,09,18,5303
2013,09,17,6409
2013,09,16,29338
2013,09,15,2425
2013,09,14,5379
2013,09,13,12591
2013,09,12,21916
2013,09,11,20447
2013,09,10,5409
2013,09,09,30431
2013,09,08,826
2013,09,07,6617
2013,09,06,20591
2013,09,05,31801
2013,09,04,14439
2013,09,03,14122
2013,09,02,30546
2013,09,01,22233
2013,08,31,31203
2013,08,30,22420
2013,08,29,32524
2013,08,28,15475
2013,08,27,25049
2013,08,26,4987
2013,08,25,12713
2013,08,24,28680
2013,08,23,19967
2013,08,22,24508
2013,08,21,29495
2013,08,20,21405
2013,08,19,15508
2013,08,18,25391
2013,08,17,16690
2013,08,16,5794
2013,08,15,12715
2013,08,14,31006
2013,08,13,16494
2013,08,12,9549
2013,08,11,16432
2013,08,10,19253
2013,08,09,9380
2013,08,08,14884
2013,08,07,23427
2013,08,06,14929
2013,08,05,20752
2013,08,04,4506
2013,08,03,15681
2013,08,02,8235
2013,08,01,13704
2013,07,31,12603
2013,07,30,17043
2013,07,29,28778
2013,07,28,4920
2013,07,27,26872
2013,07,26,15032
2013,07,25,24681
2013,07,24,27199
2013,07,23,32541
2013,07,22,6849
2013,07,21,18161
2013,07,20,16642
2013,07,19,17624
2013,07,18,23880
2013,07,17,133
2013,07,16,25627
2013,07,15,28715
2013,07,14,17504
2013,07,13,19190
2013,07,12,11404
2013,07,11,15450
2013,07,10,24113
2013,07,09,2121
2013,07,08,14827
2013,07,07,17759
2013,07,06,14957
2013,07,05,5619
2013,07,04,22297
2013,07,03,28843
2013,07,02,2201
2013,07,01,18884
2013,06,30,7126
2013,06,29,7302
2013,06,28,17871
2013,06,27,23568
2013,06,26,28378
2013,06,25,27849
2013,06,24,14767
2013,06,23,13411
2013,06,22,28476
2013,06,21,3755
2013,06,20,12969
2013,06,19,7686
2013,06,18,20544
2013,06,17,18818
2013,06,16,19980
2013,06,15,12725
2013,06,14,12209
2013,06,13,27333
2013,06,12,31941
2013,06,11,6373
2013,06,10,5023
2013,06,09,32152
2013,06,08,22864
2013,06,07,17360
2013,06,06,19028
2013,06,05,4870
2013,06,04,4995
2013,06,03,8581
2013,06,02,19043
2013,06,01,29076
2013,05,31,27816
2013,05,30,18352
2013,05,29,9511
2013,05,28,21773
2013,05,27,29861
2013,05,26,10604
2013,05,25,13145
2013,05,24,20639
2013,05,23,5947
2013,05,22,18394
2013,05,21,27173
2013,05,20,32605
2013,05,19,3897
2013,05,18,15713
2013,05,17,29823
2013,05,16,5805
2013,05,15,3053
2013,05,14,8468
2013,05,13,19053
2013,05,12,23796
2013,05,11,20903
2013,05,10,31190
2013,05,09,3862
2013,05,08,12901
2013,05,07,11145
2013,05,06,30402
2013,05,05,27581
2013,05,04,31908
2013,05,03,9866
2013,05,02,2467
2013,05,01,837
2013,04,30,24784
2013,04,29,8510
2013,04,28,18968
2013,04,27,11684
2013,04,26,13268
2013,04,25,23090
2013,04,24,11033
2013,04,23,19645
2013,04,22,23004
2013,04,21,13441
2013,04,20,21747
2013,04,19,19743
2013,04,18,30155
2013,04,17,9304
2013,04,16,23087
2013,04,15,29359
2013,04,14,26480
2013,04,13,10429
2013,04,12,16627
2013,04,11,17791
2013,04,10,13301
2013,04,09,15626
2013,04,08,2563
2013,04,07,957
2013,04,06,9199
2013,04,05,29841
2013,04,04,31402
2013,04,03,3173
2013,04,02,5344
2013,04,01,21414
2013,03,31,31728
2013,03,30,6164
2013,03,29,28512
2013,03,28,9620
2013,03,27,30250
2013,03,26,31631
2013,03,25,3546
2013,03,24,14841
2013,03,23,19634
2013,03,22,3454
2013,03,21,28490
2013,03,20,1749
2013,03,19,11529
2013,03,18,19712
2013,03,17,25846
2013,03,16,4802
2013,03,15,13625
2013,03,14,20565
2013,03,13,11897
2013,03,12,18196
2013,03,11,13588
2013,03,10,30077
2013,03,09,32611
2013,03,08,23477
2013,03,07,31151
2013,03,06,896
2013,03,05,30979
2013,03,04,26538
2013,03,03,9163
2013,03,02,11805
2013,03,01,5691
2013,02,28,11794
2013,02,27,32151
2013,02,26,25325
2013,02,25,1693
2013,02,24,30204
2013,02,23,5547
2013,02,22,12588
2013,02,21,24904
2013,02,20,2740
2013,02,19,1619
2013,02,18,32641
2013,02,17,7441
2013,02,16,30548
2013,02,15,20797
2013,02,14,19055
2013,02,13,25049
2013,02,12,18757
2013,02,11,10141
2013,02,10,3376
2013,02,09,27138
2013,02,08,22438
2013,02,07,29938
2013,02,06,23393
2013,02,05,3744
2013,02,04,19509
2013,02,03,27669
2013,02,02,10514
2013,02,01,14750
2013,01,31,20659
2013,01,30,27945
2013,01,29,29947
2013,01,28,24686
2013,01,27,31251
2013,01,26,20983
2013,01,25,31379
2013,01,24,26505
2013,01,23,11960
2013,01,22,29297
2013,01,21,7810
2013,01,20,8720
2013,01,19,5980
2013,01,18,28145
2013,01,17,14399
2013,01,16,22898
2013,01,15,31579
2013,01,14,18976
2013,01,13,16288
2013,01,12,22364
2013,01,11,5463
2013,01,10,14323
2013,01,09,29815
2013,01,08,24438
2013,01,07,2691
2013,01,06,31750
2013,01,05,9511
2013,01,04,19291
2013,01,03,24806
2013,01,02,26860
2013,01,01,4146
2012,12,31,31973
2012,12,30,28689
2012,12,29,7094
2012,12,28,3201
2012,12,27,2789
2012,12,26,7419
2012,12,25,18446
2012,12,24,15698
2012,12,23,8637
2012,12,22,15391
2012,12,21,26321
2012,12,20,20096
2012,12,19,21997
2012,12,18,4167
2012,12,17,28566
2012,12,16,4976
2012,12,15,17922
2012,12,14,2197
2012,12,13,7303
2012,12,12,4813
2012,12,11,30291
2012,12,10,5160
2012,12,09,31035
2012,12,08,24376
2012,12,07,9783
2012,12,06,14285
2012,12,05,19121
2012,12,04,1368
2012,12,03,4010
2012,12,02,9687
2012,12,01,26219
2012,11,30,20331
2012,11,29,12889
2012,11,28,3706
2012,11,27,13527
2012,11,26,16041
2012,11,25,27226
2012,11,24,5889
2012,11,23,2442
2012,11,22,5401
2012,11,21,24898
2012,11,20,25939
2012,11,19,29982
2012,11,18,15159
2012,11,17,27726
2012,11,16,14774
2012,11,15,5743
2012,11,14,2079
2012,11,13,28246
2012,11,12,2862
2012,11,11,20729
2012,11,10,15521
2012,11,09,5287
2012,11,08,7809
2012,11,07,24348
2012,11,06,32308
2012,11,05,24013
2012,11,04,541
2012,11,03,24027
2012,11,02,1489
2012,11,01,13082
2012,10,31,8277
2012,10,30,19219
2012,10,29,29547
2012,10,28,15049
2012,10,27,7735
2012,10,26,257
2012,10,25,16047
2012,10,24,29950
2012,10,23,10077
2012,10,22,32465
2012,10,21,8403
2012,10,20,20254
2012,10,19,25966
2012,10,18,23532
2012,10,17,3541
2012,10,16,18073
2012,10,15,9994
2012,10,14,12031
2012,10,13,15351
2012,10,12,5944
2012,10,11,15045
2012,10,10,11881
2012,10,09,3195
2012,10,08,13791
2012,10,07,28491
2012,10,06,29096
2012,10,05,28962
2012,10,04,18844
2012,10,03,30985
2012,10,02,25589
2012,10,01,4215
2012,09,30,7544
2012,09,29,3347
2012,09,28,10733
2012,09,27,12833
2012,09,26,21689
2012,09,25,31458
2012,09,24,23139
2012,09,23,17946
2012,09,22,29779
2012,09,21,17220
2012,09,20,27016
2012,09,19,5758
2012,09,18,29103
2012,09,17,29349
2012,09,16,32009
2012,09,15,32419
2012,09,14,9738
2012,09,13,4826
2012,09,12,30412
2012,09,11,7191
2012,09,10,1975
2012,09,09,13388
2012,09,08,5736
2012,09,07,16661
2012,09,06,1897
2012,09,05,7046
2012,09,04,19897
2012,09,03,429
2012,09,02,22062
2012,09,01,693
2012,08,31,32313
2012,08,30,4642
2012,08,29,12276
2012,08,28,23506
2012,08,27,22161
2012,08,26,5354
2012,08,25,19849
2012,08,24,7003
2012,08,23,9129
2012,08,22,23053
2012,08,21,22579
2012,08,20,6382
2012,08,19,1893
2012,08,18,19106
2012,08,17,2771
2012,08,16,22286
2012,08,15,998
2012,08,14,10855
2012,08,13,5854
2012,08,12,9968
2012,08,11,4788
2012,08,10,15473
2012,08,09,21111
2012,08,08,17799
2012,08,07,28345
2012,08,06,21555
2012,08,05,7634
2012,08,04,25443
2012,08,03,17869
2012,08,02,25654
2012,08,01,26758
2012,07,31,32268
2012,07,30,246
2012,07,29,21946
2012,07,28,26572
2012,07,27,24371
2012,07,26,22935
2012,07,25,29224
2012,07,24,29608
2012,07,23,25207
2012,07,22,5059
2012,07,21,17213
2012,07,20,6549
2012,07,19,24169
2012,07,18,5680
2012,07,17,18131
2012,07,16,4915
2012,07,15,16914
2012,07,14,24881
2012,07,13,30320
2012,07,12,25564
2012,07,11,18744
2012,07,10,21648
2012,07,09,22978
2012,07,08,11440
2012,07,07,9823
2012,07,06,20911
2012,07,05,26640
2012,07,04,17980
2012,07,03,25907
2012,07,02,9831
2012,07,01,23262
2012,06,30,26024
2012,06,29,17342
2012,06,28,18576
2012,06,27,10345
2012,06,26,20812
2012,06,25,8955
2012,06,24,11984
2012,06,23,32581
2012,06,22,18889
2012,06,21,26525
2012,06,20,11614
2012,06,19,7459
2012,06,18,16878
2012,06,17,19011
2012,06,16,5301
2012,06,15,6689
2012,06,14,9624
2012,06,13,23756
2012,06,12,32424
2012,06,11,27273
2012,06,10,8593
2012,06,09,28537
2012,06,08,17896
2012,06,07,20385
2012,06,06,10652
2012,06,05,271
2012,06,04,13243
2012,06,03,25806
2012,06,02,24313
2012,06,01,24598
2012,05,31,30231
2012,05,30,15108
2012,05,29,23688
2012,05,28,14396
2012,05,27,7123
2012,05,26,3164
2012,05,25,11040
2012,05,24,27006
2012,05,23,29540
2012,05,22,29984
2012,05,21,22643
2012,05,20,11786
2012,05,19,15867
2012,05,18,19881
2012,05,17,17865
2012,05,16,19696
2012,05,15,31952
2012,05,14,27664
2012,05,13,14452
2012,05,12,28994
2012,05,11,26440
2012,05,10,24240
2012,05,09,4977
2012,05,08,32717
2012,05,07,2865
2012,05,06,27102
2012,05,05,9733
2012,05,04,21890
2012,05,03,8390
2012,05,02,26539
2012,05,01,13528
2012,04,30,28519
2012,04,29,2131
2012,04,28,21885
2012,04,27,20120
2012,04,26,665
2012,04,25,21527
2012,04,24,27574
2012,04,23,14271
2012,04,22,32370
2012,04,21,6500
2012,04,20,16759
2012,04,19,13686
2012,04,18,11282
2012,04,17,1218
2012,04,16,12128
2012,04,15,8353
2012,04,14,19308
2012,04,13,23986
2012,04,12,3068
2012,04,11,2812
2012,04,10,19695
2012,04,09,1071
2012,04,08,27951
2012,04,07,32170
2012,04,06,32370
2012,04,05,5661
2012,04,04,32384
2012,04,03,10533
2012,04,02,5977
2012,04,01,9503
2012,03,31,23485
2012,03,30,9105
2012,03,29,21791
2012,03,28,12939
2012,03,27,27649
2012,03,26,28951
2012,03,25,18063
2012,03,24,9277
2012,03,23,22888
2012,03,22,60
2012,03,21,9146
2012,03,20,16411
2012,03,19,25956
2012,03,18,13174
2012,03,17,13362
2012,03,16,28129
2012,03,15,29807
2012,03,14,18262
2012,03,13,11350
2012,03,12,29184
2012,03,11,6747
2012,03,10,28915
2012,03,09,8994
2012,03,08,23502
2012,03,07,22992
2012,03,06,17097
2012,03,05,19822
2012,03,04,16128
2012,03,03,14443
2012,03,02,6751
2012,03,01,3183
2012,02,29,7615
2012,02,28,5836
2012,02,27,29228
2012,02,26,19428
2012,02,25,10891
2012,02,24,10447
2012,02,23,20150
2012,02,22,17722
2012,02,21,9729
2012,02,20,26240
2012,02,19,5942
2012,02,18,31408
2012,02,17,29899
2012,02,16,2170
2012,02,15,15356
2012,02,14,15764
2012,02,13,32659
2012,02,12,13370
2012,02,11,579
2012,02,10,20147
2012,02,09,31489
2012,02,08,9495
2012,02,07,25454
2012,02,06,10282
2012,02,05,12037
2012,02,04,16297
2012,02,03,11722
2012,02,02,25024
2012,02,01,20736
2012,01,31,9192
2012,01,30,12375
2012,01,29,16788
2012,01,28,31597
2012,01,27,894
2012,01,26,6664
2012,01,25,10406
2012,01,24,2367
2012,01,23,11970
2012,01,22,29937
2012,01,21,5984
2012,01,20,17693
2012,01,19,18759
2012,01,18,30197
2012,01,17,28973
2012,01,16,6121
2012,01,15,31446
2012,01,14,14505
2012,01,13,6492
2012,01,12,6272
2012,01,11,17422
2012,01,10,17712
2012,01,09,1445
2012,01,08,27741
2012,01,07,2242
2012,01,06,21848
2012,01,05,19374
2012,01,04,21858
2012,01,03,20566
2012,01,02,6776
2012,01,01,32327
2011,12,31,14629
2011,12,30,22785
2011,12,29,31694
2011,12,28,20039
2011,12,27,19513
2011,12,26,1250
2011,12,25,16201
2011,12,24,12371
2011,12,23,23629
2011,12,22,1384
2011,12,21,12872
2011,12,20,13314
2011,12,19,13524
2011,12,18,3349
2011,12,17,10192
2011,12,16,27024
2011,12,15,9617
2011,12,14,10209
2011,12,13,27377
2011,12,12,20181
2011,12,11,22164
2011,12,10,23017
2011,12,09,8150
2011,12,08,16027
2011,12,07,29810
2011,12,06,10330
2011,12,05,18845
2011,12,04,13909
2011,12,03,14635
2011,12,02,28268
2011,12,01,18781
2011,11,30,19551
2011,11,29,7248
2011,11,28,153
2011,11,27,23431
2011,11,26,14018
2011,11,25,20636
2011,11,24,21505
2011,11,23,15636
2011,11,22,15207
2011,11,21,8432
2011,11,20,14408
2011,11,19,23373
2011,11,18,28027
2011,11,17,693
2011,11,16,26529
2011,11,15,10055
2011,11,14,22825
2011,11,13,28299
2011,11,12,3646
2011,11,11,17660
2011,11,10,16857
2011,11,09,13763
2011,11,08,24516
2011,11,07,23110
2011,11,06,26204
2011,11,05,24855
2011,11,04,20788
2011,11,03,26513
2011,11,02,8434
2011,11,01,9576
2011,10,31,8392
2011,10,30,22894
2011,10,29,7820
2011,10,28,22201
2011,10,27,24575
2011,10,26,10278
2011,10,25,9047
2011,10,24,17959
2011,10,23,18704
2011,10,22,25534
2011,10,21,31616
2011,10,20,20784
2011,10,19,22277
2011,10,18,14059
2011,10,17,17376
2011,10,16,19921
2011,10,15,12460
2011,10,14,3527
2011,10,13,15860
2011,10,12,13788
2011,10,11,17597
2011,10,10,1748
2011,10,09,1813
2011,10,08,18203
2011,10,07,6303
2011,10,06,3395
2011,10,05,19482
2011,10,04,26107
2011,10,03,5632
2011,10,02,4038
2011,10,01,20609
2011,09,30,31028
2011,09,29,25755
2011,09,28,21825
2011,09,27,16071
2011,09,26,10881
2011,09,25,21570
2011,09,24,5815
2011,09,23,4179
2011,09,22,23916
2011,09,21,7818
2011,09,20,5749
2011,09,19,11796
2011,09,18,24976
2011,09,17,27837
2011,09,16,6423
2011,09,15,27163
2011,09,14,24290
2011,09,13,27986
2011,09,12,22006
2011,09,11,24438
2011,09,10,25979
2011,09,09,17795
2011,09,08,19133
2011,09,07,4192
2011,09,06,15838
2011,09,05,25376
2011,09,04,2466
2011,09,03,2052
2011,09,02,150
2011,09,01,11761
2011,08,31,18346
2011,08,30,11125
2011,08,29,24950
2011,08,28,18687
2011,08,27,7087
2011,08,26,12001
2011,08,25,24955
2011,08,24,7605
2011,08,23,8858
2011,08,22,25597
2011,08,21,11162
2011,08,20,20699
2011,08,19,1352
2011,08,18,1032
2011,08,17,21685
2011,08,16,25352
2011,08,15,18767
2011,08,14,5114
2011,08,13,10657
2011,08,12,24104
2011,08,11,27004
2011,08,10,29027
2011,08,09,19615
2011,08,08,338
2011,08,07,1271
2011,08,06,20184
2011,08,05,5843
2011,08,04,10818
2011,08,03,30555
2011,08,02,9307
2011,08,01,2414
2011,07,31,15038
2011,07,30,20485
2011,07,29,9145
2011,07,28,4721
2011,07,27,5511
2011,07,26,5107
2011,07,25,22155
2011,07,24,26050
2011,07,23,17398
2011,07,22,7100
2011,07,21,449
2011,07,20,28874
2011,07,19,31752
2011,07,18,15539
2011,07,17,24800
2011,07,16,15918
2011,07,15,28518
2011,07,14,22511
2011,07,13,11155
2011,07,12,27266
2011,07,11,18013
2011,07,10,24158
2011,07,09,11833
2011,07,08,26351
2011,07,07,12816
2011,07,06,24497
2011,07,05,12027
2011,07,04,6531
2011,07,03,12393
2011,07,02,25010
2011,07,01,8540
2011,06,30,20652
2011,06,29,27273
2011,06,28,27772
2011,06,27,6870
2011,06,26,1394
2011,06,25,19209
2011,06,24,3940
2011,06,23,7760
2011,06,22,22875
2011,06,21,15128
2011,06,20,17780
2011,06,19,3699
2011,06,18,22332
2011,06,17,21797
2011,06,16,6327
2011,06,15,19709
2011,06,14,16358
2011,06,13,13176
2011,06,12,26727
2011,06,11,30410
2011,06,10,7859
2011,06,09,6955
2011,06,08,25532
2011,06,07,679
2011,06,06,31713
2011,06,05,16338
2011,06,04,17902
2011,06,03,24670
2011,06,02,4043
2011,06,01,9637
2011,05,31,9801
2011,05,30,19661
2011,05,29,17936
2011,05,28,29963
2011,05,27,26789
2011,05,26,1432
2011,05,25,1726
2011,05,24,275
2011,05,23,10154
2011,05,22,16451
2011,05,21,4887
2011,05,20,31952
2011,05,19,26556
2011,05,18,15102
2011,05,17,5933
2011,05,16,11653
2011,05,15,8218
2011,05,14,22482
2011,05,13,28173
2011,05,12,24562
2011,05,11,20487
2011,05,10,9604
2011,05,09,23137
2011,05,08,13636
2011,05,07,22988
2011,05,06,4275
2011,05,05,753
2011,05,04,26857
2011,05,03,21130
2011,05,02,12230
2011,05,01,14140
2011,04,30,1054
2011,04,29,4491
2011,04,28,31160
2011,04,27,25779
2011,04,26,18795
2011,04,25,24996
2011,04,24,4562
2011,04,23,7861
2011,04,22,13602
2011,04,21,2782
2011,04,20,16840
2011,04,19,26997
2011,04,18,18378
2011,04,17,26922
2011,04,16,4392
2011,04,15,6536
2011,04,14,23504
2011,04,13,3921
2011,04,12,26257
2011,04,11,22558
2011,04,10,20984
2011,04,09,8990
2011,04,08,21932
2011,04,07,24078
2011,04,06,9815
2011,04,05,15057
2011,04,04,13770
2011,04,03,8726
2011,04,02,7519
2011,04,01,9245
2011,03,31,15042
2011,03,30,27092
2011,03,29,14331
2011,03,28,32391
2011,03,27,31264
2011,03,26,31881
2011,03,25,17129
2011,03,24,329
2011,03,23,10557
2011,03,22,14653
2011,03,21,11195
2011,03,20,20237
2011,03,19,900
2011,03,18,32692
2011,03,17,10040
2011,03,16,29008
2011,03,15,29199
2011,03,14,2048
2011,03,13,30559
2011,03,12,8377
2011,03,11,2400
2011,03,10,18078
2011,03,09,25113
2011,03,08,50
2011,03,07,11217
2011,03,06,21230
2011,03,05,24750
2011,03,04,874
2011,03,03,20621
2011,03,02,12266
2011,03,01,19304
2011,02,28,26336
2011,02,27,9412
2011,02,26,790
2011,02,25,17922
2011,02,24,23254
2011,02,23,26635
2011,02,22,30836
2011,02,21,19118
2011,02,20,13340
2011,02,19,20113
2011,02,18,17878
2011,02,17,9798
2011,02,16,23730
2011,02,15,22998
2011,02,14,6107
2011,02,13,412
2011,02,12,30311
2011,02,11,4387
2011,02,10,13166
2011,02,09,22721
2011,02,08,13723
2011,02,07,29181
2011,02,06,19027
2011,02,05,20113
2011,02,04,16963
2011,02,03,31856
2011,02,02,23737
2011,02,01,7804
2011,01,31,8942
2011,01,30,25107
2011,01,29,2288
2011,01,28,30951
2011,01,27,22028
2011,01,26,23237
2011,01,25,2732
2011,01,24,20084
2011,01,23,22816
2011,01,22,8536
2011,01,21,25119
2011,01,20,62
2011,01,19,2077
2011,01,18,25265
2011,01,17,8056
2011,01,16,8949
2011,01,15,15724
2011,01,14,17679
2011,01,13,6671
2011,01,12,29876
2011,01,11,31454
2011,01,10,17401
2011,01,09,18533
2011,01,08,2544
2011,01,07,15757
2011,01,06,5041
2011,01,05,1267
2011,01,04,8140
2011,01,03,26659
2011,01,02,30137
2011,01,01,4578
2010,12,31,13101
2010,12,30,31102
2010,12,29,1282
2010,12,28,30753
2010,12,27,87
2010,12,26,4287
2010,12,25,11083
2010,12,24,935
2010,12,23,5905
2010,12,22,13775
2010,12,21,29662
2010,12,20,4616
2010,12,19,9328
2010,12,18,3622
2010,12,17,9303
2010,12,16,3139
2010,12,15,16128
2010,12,14,18328
2010,12,13,4425
2010,12,12,8958
2010,12,11,7882
2010,12,10,4408
2010,12,09,11226
2010,12,08,11989
2010,12,07,26597
2010,12,06,11097
2010,12,05,4817
2010,12,04,32139
2010,12,03,31928
2010,12,02,24797
2010,12,01,32223
2010,11,30,31317
2010,11,29,13110
2010,11,28,21317
2010,11,27,3402
2010,11,26,20041
2010,11,25,23705
2010,11,24,24183
2010,11,23,10192
2010,11,22,6552
2010,11,21,141
2010,11,20,18492
2010,11,19,9002
2010,11,18,22081
2010,11,17,29280
2010,11,16,9948
2010,11,15,3160
2010,11,14,1133
2010,11,13,22784
2010,11,12,23129
2010,11,11,16793
2010,11,10,29129
2010,11,09,1345
2010,11,08,4399
2010,11,07,18961
2010,11,06,17204
2010,11,05,10434
2010,11,04,8239
2010,11,03,17465
2010,11,02,6892
2010,11,01,20782
2010,10,31,23933
2010,10,30,6074
2010,10,29,25618
2010,10,28,12599
2010,10,27,25833
2010,10,26,16773
2010,10,25,11813
2010,10,24,10007
2010,10,23,1708
2010,10,22,21432
2010,10,21,8776
2010,10,20,19568
2010,10,19,9611
2010,10,18,1873
2010,10,17,105
2010,10,16,9083
2010,10,15,873
2010,10,14,7640
2010,10,13,10685
2010,10,12,3753
2010,10,11,10157
2010,10,10,6815
2010,10,09,31686
2010,10,08,9489
2010,10,07,20129
2010,10,06,28399
2010,10,05,19357
2010,10,04,28141
2010,10,03,3558
2010,10,02,21000
2010,10,01,19958
2010,09,30,7583
2010,09,29,29147
2010,09,28,4373
2010,09,27,17278
2010,09,26,21712
2010,09,25,18726
2010,09,24,8071
2010,09,23,899
2010,09,22,15161
2010,09,21,16866
2010,09,20,15107
2010,09,19,876
2010,09,18,20543
2010,09,17,3328
2010,09,16,10903
2010,09,15,18352
2010,09,14,17324
2010,09,13,3103
2010,09,12,5997
2010,09,11,18302
2010,09,10,22538
2010,09,09,14431
2010,09,08,14508
2010,09,07,27977
2010,09,06,8964
2010,09,05,11430
2010,09,04,29269
2010,09,03,613
2010,09,02,3289
2010,09,01,14781
2010,08,31,28028
2010,08,30,3424
2010,08,29,26823
2010,08,28,8491
2010,08,27,25531
2010,08,26,12041
2010,08,25,8047
2010,08,24,20026
2010,08,23,3360
2010,08,22,19859
2010,08,21,5315
2010,08,20,12645
2010,08,19,3390
2010,08,18,12137
2010,08,17,28244
2010,08,16,7504
2010,08,15,3085
2010,08,14,23080
2010,08,13,8175
2010,08,12,15033
2010,08,11,5745
2010,08,10,10507
2010,08,09,18551
2010,08,08,16511
2010,08,07,11639
2010,08,06,2346
2010,08,05,29137
2010,08,04,9741
2010,08,03,28040
2010,08,02,14530
2010,08,01,1994
2010,07,31,8396
2010,07,30,22989
2010,07,29,32597
2010,07,28,30303
2010,07,27,3794
2010,07,26,16606
2010,07,25,21436
2010,07,24,2133
2010,07,23,19416
2010,07,22,9094
2010,07,21,25123
2010,07,20,10992
2010,07,19,5227
2010,07,18,19252
2010,07,17,3967
2010,07,16,11443
2010,07,15,21778
2010,07,14,21121
2010,07,13,19030
2010,07,12,127
2010,07,11,19723
2010,07,10,26590
2010,07,09,28428
2010,07,08,22644
2010,07,07,23225
2010,07,06,19520
2010,07,05,20529
2010,07,04,5757
2010,07,03,4946
2010,07,02,14111
2010,07,01,7284
2010,06,30,17133
2010,06,29,7265
2010,06,28,27814
2010,06,27,15283
2010,06,26,6545
2010,06,25,12345
2010,06,24,4648
2010,06,23,14085
2010,06,22,1457
2010,06,21,20158
2010,06,20,20511
2010,06,19,22334
2010,06,18,27656
2010,06,17,13590
2010,06,16,28675
2010,06,15,12519
2010,06,14,26326
2010,06,13,14689
2010,06,12,25826
2010,06,11,27639
2010,06,10,27423
2010,06,09,7312
2010,06,08,3396
2010,06,07,15131
2010,06,06,16352
2010,06,05,26137
2010,06,04,4730
2010,06,03,18563
2010,06,02,26684
2010,06,01,26212
2010,05,31,21801
2010,05,30,10655
2010,05,29,21361
2010,05,28,17154
2010,05,27,23123
2010,05,26,13026
2010,05,25,21805
2010,05,24,10563
2010,05,23,8319
2010,05,22,13869
2010,05,21,26156
2010,05,20,4514
2010,05,19,32255
2010,05,18,14739
2010,05,17,836
2010,05,16,11661
2010,05,15,11127
2010,05,14,16348
2010,05,13,25253
2010,05,12,5656
2010,05,11,11276
2010,05,10,546
2010,05,09,13536
2010,05,08,13947
2010,05,07,7865
2010,05,06,15691
2010,05,05,17935
2010,05,04,19416
2010,05,03,6373
2010,05,02,630
2010,05,01,19902
2010,04,30,13860
2010,04,29,12923
2010,04,28,24417
2010,04,27,5203
2010,04,26,7573
2010,04,25,20657
2010,04,24,18167
2010,04,23,21736
2010,04,22,2451
2010,04,21,14358
2010,04,20,750
2010,04,19,13423
2010,04,18,1966
2010,04,17,970
2010,04,16,30836
2010,04,15,24648
2010,04,14,29097
2010,04,13,15957
2010,04,12,28739
2010,04,11,29219
2010,04,10,11799
2010,04,09,5634
2010,04,08,7377
2010,04,07,11806
2010,04,06,21057
2010,04,05,31872
2010,04,04,3161
2010,04,03,20648
2010,04,02,30532
2010,04,01,24157
2010,03,31,1167
2010,03,30,9146
2010,03,29,17084
2010,03,28,31040
2010,03,27,3617
2010,03,26,29678
2010,03,25,27514
2010,03,24,15025
2010,03,23,78
2010,03,22,22524
2010,03,21,11940
2010,03,20,27527
2010,03,19,6287
2010,03,18,7309
2010,03,17,5580
2010,03,16,13726
2010,03,15,26381
2010,03,14,17637
2010,03,13,19273
2010,03,12,20997
2010,03,11,9460
2010,03,10,16095
2010,03,09,23448
2010,03,08,8838
2010,03,07,12015
2010,03,06,1909
2010,03,05,22095
2010,03,04,32110
2010,03,03,30500
2010,03,02,13900
2010,03,01,28811
2010,02,28,23753
2010,02,27,28285
2010,02,26,31659
2010,02,25,19304
2010,02,24,20090
2010,02,23,31047
2010,02,22,25156
2010,02,21,1319
2010,02,20,7508
2010,02,19,16377
2010,02,18,8634
2010,02,17,6258
2010,02,16,16441
2010,02,15,1235
2010,02,14,3916
2010,02,13,31198
2010,02,12,7376
2010,02,11,25140
2010,02,10,7707
2010,02,09,7333
2010,02,08,13896
2010,02,07,21625
2010,02,06,2637
2010,02,05,28980
2010,02,04,12545
2010,02,03,29972
2010,02,02,7618
2010,02,01,22736
2010,01,31,26719
2010,01,30,22140
2010,01,29,3388
2010,01,28,11458
2010,01,27,14436
2010,01,26,22009
2010,01,25,873
2010,01,24,4447
2010,01,23,5062
2010,01,22,26406
2010,01,21,9215
2010,01,20,4090
2010,01,19,1614
2010,01,18,12974
2010,01,17,1085
2010,01,16,29794
2010,01,15,30324
2010,01,14,23721
2010,01,13,9735
2010,01,12,26164
2010,01,11,1573
2010,01,10,13770
2010,01,09,108
2010,01,08,20940
2010,01,07,21433
2010,01,06,19794
2010,01,05,3875
2010,01,04,28704
2010,01,03,31460
2010,01,02,11389
2010,01,01,28135
2009,12,31,9784
2009,12,30,21487
2009,12,29,9705
2009,12,28,6383
2009,12,27,15622
2009,12,26,30553
2009,12,25,12880
2009,12,24,22293
2009,12,23,19446
2009,12,22,14270
2009,12,21,17171
2009,12,20,20033
2009,12,19,18417
2009,12,18,16961
2009,12,17,29294
2009,12,16,13795
2009,12,15,8878
2009,12,14,11058
2009,12,13,2875
2009,12,12,5161
2009,12,11,27624
2009,12,10,28656
2009,12,09,14411
2009,12,08,3819
2009,12,07,14720
2009,12,06,9824
2009,12,05,10473
2009,12,04,30794
2009,12,03,28172
2009,12,02,30024
2009,12,01,28709
2009,11,30,23108
2009,11,29,523
2009,11,28,31425
2009,11,27,19145
2009,11,26,31485
2009,11,25,17843
2009,11,24,12327
2009,11,23,11448
2009,11,22,7292
2009,11,21,17514
2009,11,20,10978
2009,11,19,80
2009,11,18,16922
2009,11,17,29466
2009,11,16,19681
2009,11,15,2721
2009,11,14,6258
2009,11,13,2588
2009,11,12,24936
2009,11,11,19229
2009,11,10,1570
2009,11,09,24158
2009,11,08,8155
2009,11,07,857
2009,11,06,32387
2009,11,05,28512
2009,11,04,11593
2009,11,03,14705
2009,11,02,18685
2009,11,01,4186
2009,10,31,14188
2009,10,30,12954
2009,10,29,28787
2009,10,28,11112
2009,10,27,27614
2009,10,26,4594
2009,10,25,24004
2009,10,24,3298
2009,10,23,8849
2009,10,22,9022
2009,10,21,24496
2009,10,20,24824
2009,10,19,22743
2009,10,18,20111
2009,10,17,12590
2009,10,16,393
2009,10,15,6016
2009,10,14,7629
2009,10,13,8445
2009,10,12,67
2009,10,11,27305
2009,10,10,11860
2009,10,09,18686
2009,10,08,26558
2009,10,07,12943
2009,10,06,4484
2009,10,05,4589
2009,10,04,11619
2009,10,03,6071
2009,10,02,5616
2009,10,01,27978
2009,09,30,28876
2009,09,29,2432
2009,09,28,27723
2009,09,27,2412
2009,09,26,22330
2009,09,25,21668
2009,09,24,14627
2009,09,23,27525
2009,09,22,2321
2009,09,21,24585
2009,09,20,8648
2009,09,19,12255
2009,09,18,7405
2009,09,17,27013
2009,09,16,30059
2009,09,15,1925
2009,09,14,28558
2009,09,13,2646
2009,09,12,28770
2009,09,11,2247
2009,09,10,29180
2009,09,09,31102
2009,09,08,27187
2009,09,07,23731
2009,09,06,16155
2009,09,05,24117
2009,09,04,13809
2009,09,03,7956
2009,09,02,5643
2009,09,01,21064
2009,08,31,18835
2009,08,30,29150
2009,08,29,68
2009,08,28,16043
2009,08,27,32418
2009,08,26,28737
2009,08,25,24638
2009,08,24,23683
2009,08,23,27369
2009,08,22,8340
2009,08,21,8876
2009,08,20,9914
2009,08,19,19102
2009,08,18,31279
2009,08,17,20276
2009,08,16,32675
2009,08,15,939
2009,08,14,10252
2009,08,13,26541
2009,08,12,18923
2009,08,11,281
2009,08,10,22710
2009,08,09,12911
2009,08,08,23154
2009,08,07,11037
2009,08,06,12003
2009,08,05,22938
2009,08,04,17487
2009,08,03,20896
2009,08,02,4670
2009,08,01,28239
2009,07,31,12151
2009,07,30,657
2009,07,29,21728
2009,07,28,1832
2009,07,27,32596
2009,07,26,5122
2009,07,25,26705
2009,07,24,29065
2009,07,23,5691
2009,07,22,8138
2009,07,21,21198
2009,07,20,3532
2009,07,19,2515
2009,07,18,8495
2009,07,17,15340
2009,07,16,21923
2009,07,15,6087
2009,07,14,11625
2009,07,13,4352
2009,07,12,13337
2009,07,11,29749
2009,07,10,28158
2009,07,09,24252
2009,07,08,12418
2009,07,07,27158
2009,07,06,32626
2009,07,05,18234
2009,07,04,24448
2009,07,03,28128
2009,07,02,19241
2009,07,01,19499
2009,06,30,22083
2009,06,29,28873
2009,06,28,26018
2009,06,27,13789
2009,06,26,5814
2009,06,25,17284
2009,06,24,23843
2009,06,23,32064
2009,06,22,15396
2009,06,21,3142
2009,06,20,5288
2009,06,19,30762
2009,06,18,20911
2009,06,17,5686
2009,06,16,27424
2009,06,15,24569
2009,06,14,601
2009,06,13,20732
2009,06,12,4886
2009,06,11,20955
2009,06,10,15404
2009,06,09,3429
2009,06,08,8631
2009,06,07,9715
2009,06,06,9204
2009,06,05,13532
2009,06,04,4611
2009,06,03,17029
2009,06,02,32566
2009,06,01,23725
2009,05,31,4327
2009,05,30,20385
2009,05,29,8173
2009,05,28,22792
2009,05,27,15686
2009,05,26,30606
2009,05,25,17912
2009,05,24,16716
2009,05,23,7746
2009,05,22,7654
2009,05,21,10589
2009,05,20,20725
2009,05,19,21948
2009,05,18,30714
2009,05,17,1862
2009,05,16,22436
2009,05,15,6383
2009,05,14,11884
2009,05,13,1056
2009,05,12,31349
2009,05,11,25295
2009,05,10,18890
2009,05,09,17801
2009,05,08,30894
2009,05,07,16903
2009,05,06,5751
2009,05,05,7800
2009,05,04,3873
2009,05,03,31661
2009,05,02,20086
2009,05,01,16977
2009,04,30,32484
2009,04,29,27414
2009,04,28,5998
2009,04,27,22572
2009,04,26,30262
2009,04,25,807
2009,04,24,13962
2009,04,23,31492
2009,04,22,5341
2009,04,21,22568
2009,04,20,21942
2009,04,19,32217
2009,04,18,22013
2009,04,17,4724
2009,04,16,21540
2009,04,15,16662
2009,04,14,15689
2009,04,13,14707
2009,04,12,26773
2009,04,11,22146
2009,04,10,14027
2009,04,09,28349
2009,04,08,3035
2009,04,07,5407
2009,04,06,20140
2009,04,05,14286
2009,04,04,26265
2009,04,03,29337
2009,04,02,24675
2009,04,01,17576
2009,03,31,16344
2009,03,30,16699
2009,03,29,25365
2009,03,28,6912
2009,03,27,17527
2009,03,26,13941
2009,03,25,29418
2009,03,24,110
2009,03,23,25667
2009,03,22,4469
2009,03,21,28843
2009,03,20,1992
2009,03,19,3602
2009,03,18,29095
2009,03,17,16570
2009,03,16,8996
2009,03,15,27184
2009,03,14,14109
2009,03,13,7124
2009,03,12,15253
2009,03,11,25073
2009,03,10,17951
2009,03,09,24622
2009,03,08,16288
2009,03,07,32412
2009,03,06,31090
2009,03,05,26517
2009,03,04,9198
2009,03,03,3242
2009,03,02,3998
2009,03,01,7341
2009,02,28,29121
2009,02,27,3315
2009,02,26,31437
2009,02,25,26693
2009,02,24,12432
2009,02,23,949
2009,02,22,14594
2009,02,21,29387
2009,02,20,9206
2009,02,19,12752
2009,02,18,27821
2009,02,17,5621
2009,02,16,13919
2009,02,15,25610
2009,02,14,29863
2009,02,13,16289
2009,02,12,1493
2009,02,11,11018
2009,02,10,23711
2009,02,09,4854
2009,02,08,11492
2009,02,07,26796
2009,02,06,13622
2009,02,05,16493
2009,02,04,27141
2009,02,03,3118
2009,02,02,28330
2009,02,01,12171
2009,01,31,9474
2009,01,30,23275
2009,01,29,11639
2009,01,28,13741
2009,01,27,12327
2009,01,26,11566
2009,01,25,19608
2009,01,24,11708
2009,01,23,28030
2009,01,22,17780
2009,01,21,612
2009,01,20,16145
2009,01,19,6538
2009,01,18,28839
2009,01,17,7045
2009,01,16,3487
2009,01,15,5673
2009,01,14,32765
2009,01,13,30032
2009,01,12,9048
2009,01,11,12493
2009,01,10,2743
2009,01,09,17099
2009,01,08,28111
2009,01,07,1126
2009,01,06,2451
2009,01,05,26178
2009,01,04,15336
2009,01,03,16493
2009,01,02,25754
2009,01,01,24209
2008,12,31,18055
2008,12,30,32490
2008,12,29,2749
2008,12,28,18973
2008,12,27,30734
2008,12,26,3898
2008,12,25,24289
2008,12,24,17491
2008,12,23,20288
2008,12,22,11586
2008,12,21,32599
2008,12,20,18895
2008,12,19,29431
2008,12,18,28641
2008,12,17,20436
2008,12,16,8136
2008,12,15,23041
2008,12,14,20434
2008,12,13,13401
2008,12,12,30575
2008,12,11,23948
2008,12,10,15583
2008,12,09,10181
2008,12,08,14840
2008,12,07,5757
2008,12,06,15209
2008,12,05,10153
2008,12,04,1182
2008,12,03,25685
2008,12,02,16417
2008,12,01,5162
2008,11,30,3206
2008,11,29,261
2008,11,28,15083
2008,11,27,22353
2008,11,26,13631
2008,11,25,1600
2008,11,24,6108
2008,11,23,4347
2008,11,22,3581
2008,11,21,12659
2008,11,20,15427
2008,11,19,30839
2008,11,18,29805
2008,11,17,22809
2008,11,16,13173
2008,11,15,1919
2008,11,14,16737
2008,11,13,1460
2008,11,12,4253
2008,11,11,24231
2008,11,10,23356
2008,11,09,920
2008,11,08,8516
2008,11,07,12765
2008,11,06,25739
2008,11,05,14925
2008,11,04,21097
2008,11,03,3284
2008,11,02,27854
2008,11,01,30446
2008,10,31,14867
2008,10,30,24264
2008,10,29,23974
2008,10,28,25833
2008,10,27,10632
2008,10,26,31170
2008,10,25,27760
2008,10,24,19399
2008,10,23,19926
2008,10,22,23856
2008,10,21,6814
2008,10,20,7713
2008,10,19,21735
2008,10,18,21338
2008,10,17,2849
2008,10,16,20986
2008,10,15,14086
2008,10,14,18548
2008,10,13,2707
2008,10,12,22880
2008,10,11,28779
2008,10,10,21276
2008,10,09,5527
2008,10,08,6901
2008,10,07,32767
2008,10,06,6281
2008,10,05,32474
2008,10,04,21876
2008,10,03,28410
2008,10,02,11579
2008,10,01,10356
2008,09,30,3532
2008,09,29,28209
2008,09,28,30176
2008,09,27,27884
2008,09,26,8645
2008,09,25,10953
2008,09,24,19155
2008,09,23,14880
2008,09,22,19748
2008,09,21,6416
2008,09,20,9518
2008,09,19,7170
2008,09,18,26141
2008,09,17,15751
2008,09,16,11749
2008,09,15,28531
2008,09,14,16251
2008,09,13,28632
2008,09,12,7879
2008,09,11,15000
2008,09,10,29414
2008,09,09,31065
2008,09,08,28033
2008,09,07,2920
2008,09,06,562
2008,09,05,28179
2008,09,04,30286
2008,09,03,7175
2008,09,02,25205
2008,09,01,5559
2008,08,31,17040
2008,08,30,21266
2008,08,29,5487
2008,08,28,21959
2008,08,27,18867
2008,08,26,21859
2008,08,25,178
2008,08,24,30489
2008,08,23,10560
2008,08,22,28320
2008,08,21,31726
2008,08,20,25691
2008,08,19,19539
2008,08,18,14155
2008,08,17,23381
2008,08,16,30297
2008,08,15,5679
2008,08,14,16634
2008,08,13,7615
2008,08,12,9578
2008,08,11,5237
2008,08,10,20649
2008,08,09,16267
2008,08,08,30329
2008,08,07,14694
2008,08,06,31747
2008,08,05,20054
2008,08,04,13587
2008,08,03,9351
2008,08,02,20883
2008,08,01,23486
2008,07,31,22334
2008,07,30,29828
2008,07,29,17688
2008,07,28,27924
2008,07,27,4872
2008,07,26,11204
2008,07,25,1068
2008,07,24,8390
2008,07,23,27120
2008,07,22,15645
2008,07,21,2359
2008,07,20,12001
2008,07,19,30096
2008,07,18,25412
2008,07,17,20428
2008,07,16,31601
2008,07,15,4166
2008,07,14,14733
2008,07,13,116
2008,07,12,6418
2008,07,11,15693
2008,07,10,24841
2008,07,09,16003
2008,07,08,11070
2008,07,07,6378
2008,07,06,22905
2008,07,05,13405
2008,07,04,6439
2008,07,03,3829
2008,07,02,10249
2008,07,01,7278
2008,06,30,13166
2008,06,29,8755
2008,06,28,78
2008,06,27,12461
2008,06,26,31232
2008,06,25,21064
2008,06,24,7187
2008,06,23,31766
2008,06,22,14115
2008,06,21,14261
2008,06,20,27278
2008,06,19,20531
2008,06,18,5689
2008,06,17,13198
2008,06,16,29808
2008,06,15,7929
2008,06,14,4605
2008,06,13,16011
2008,06,12,15099
2008,06,11,27118
2008,06,10,19829
2008,06,09,4365
2008,06,08,3547
2008,06,07,22677
2008,06,06,19817
2008,06,05,28522
2008,06,04,15256
2008,06,03,7325
2008,06,02,14117
2008,06,01,90
2008,05,31,26913
2008,05,30,12089
2008,05,29,738
2008,05,28,4917
2008,05,27,20018
2008,05,26,28524
2008,05,25,23951
2008,05,24,12605
2008,05,23,14906
2008,05,22,483
2008,05,21,5277
2008,05,20,29790
2008,05,19,7967
2008,05,18,22163
2008,05,17,30576
2008,05,16,31215
2008,05,15,23931
2008,05,14,4690
2008,05,13,25003
2008,05,12,21894
2008,05,11,29217
2008,05,10,11996
2008,05,09,11360
2008,05,08,10708
2008,05,07,31422
2008,05,06,2372
2008,05,05,9181
2008,05,04,7930
2008,05,03,3133
2008,05,02,18712
2008,05,01,22
2008,04,30,24176
2008,04,29,10558
2008,04,28,19613
2008,04,27,4946
2008,04,26,8811
2008,04,25,28258
2008,04,24,6005
2008,04,23,24841
2008,04,22,22318
2008,04,21,14937
2008,04,20,31972
2008,04,19,31408
2008,04,18,26290
2008,04,17,2178
2008,04,16,19350
2008,04,15,11679
2008,04,14,29363
2008,04,13,7024
2008,04,12,191
2008,04,11,20661
2008,04,10,29555
2008,04,09,9547
2008,04,08,4443
2008,04,07,2838
2008,04,06,754
2008,04,05,32722
2008,04,04,1494
2008,04,03,26954
2008,04,02,7166
2008,04,01,31184
2008,03,31,31215
2008,03,30,29765
2008,03,29,3331
2008,03,28,24959
2008,03,27,4065
2008,03,26,7053
2008,03,25,26599
2008,03,24,13878
2008,03,23,25679
2008,03,22,7699
2008,03,21,19563
2008,03,20,13711
2008,03,19,29059
2008,03,18,7647
2008,03,17,31073
2008,03,16,1279
2008,03,15,9777
2008,03,14,9374
2008,03,13,22986
2008,03,12,10595
2008,03,11,21707
2008,03,10,32713
2008,03,09,16888
2008,03,08,20343
2008,03,07,12766
2008,03,06,12057
2008,03,05,16308
2008,03,04,25949
2008,03,03,27625
2008,03,02,12709
2008,03,01,28567
2008,02,29,16844
2008,02,28,27942
2008,02,27,31790
2008,02,26,20764
2008,02,25,17992
2008,02,24,30069
2008,02,23,9444
2008,02,22,14696
2008,02,21,7306
2008,02,20,537
2008,02,19,4755
2008,02,18,4404
2008,02,17,14943
2008,02,16,1655
2008,02,15,12883
2008,02,14,8706
2008,02,13,2348
2008,02,12,21299
2008,02,11,26955
2008,02,10,24179
2008,02,09,29670
2008,02,08,9780
2008,02,07,27551
2008,02,06,26694
2008,02,05,2497
2008,02,04,31778
2008,02,03,24341
2008,02,02,32005
2008,02,01,2650
2008,01,31,17841
2008,01,30,9118
2008,01,29,5772
2008,01,28,28282
2008,01,27,13919
2008,01,26,15886
2008,01,25,21499
2008,01,24,23635
2008,01,23,10676
2008,01,22,15284
2008,01,21,29034
2008,01,20,14795
2008,01,19,6389
2008,01,18,9651
2008,01,17,17517
2008,01,16,723
2008,01,15,5129
2008,01,14,1444
2008,01,13,2064
2008,01,12,12240
2008,01,11,23144
2008,01,10,2667
2008,01,09,15679
2008,01,08,7043
2008,01,07,1729
2008,01,06,12197
2008,01,05,20021
2008,01,04,10089
2008,01,03,11656
2008,01,02,4094
2008,01,01,16845
2007,12,31,21098
2007,12,30,28248
2007,12,29,8666
2007,12,28,18796
2007,12,27,9573
2007,12,26,14236
2007,12,25,3102
2007,12,24,9813
2007,12,23,23969
2007,12,22,12470
2007,12,21,19412
2007,12,20,7152
2007,12,19,22132
2007,12,18,7165
2007,12,17,19512
2007,12,16,13264
2007,12,15,26179
2007,12,14,552
2007,12,13,15046
2007,12,12,27969
2007,12,11,3954
2007,12,10,10510
2007,12,09,9356
2007,12,08,1329
2007,12,07,9451
2007,12,06,30117
2007,12,05,17157
2007,12,04,14448
2007,12,03,2866
2007,12,02,7637
2007,12,01,22553
2007,11,30,30754
2007,11,29,8945
2007,11,28,18926
2007,11,27,22992
2007,11,26,8610
2007,11,25,16167
2007,11,24,16045
2007,11,23,28616
2007,11,22,26446
2007,11,21,28241
2007,11,20,11071
2007,11,19,27170
2007,11,18,8412
2007,11,17,28384
2007,11,16,23416
2007,11,15,24687
2007,11,14,21226
2007,11,13,13481
2007,11,12,1231
2007,11,11,29576
2007,11,10,5361
2007,11,09,6381
2007,11,08,5076
2007,11,07,32415
2007,11,06,6153
2007,11,05,13924
2007,11,04,13227
2007,11,03,17782
2007,11,02,31805
2007,11,01,14217
2007,10,31,15560
2007,10,30,16241
2007,10,29,22744
2007,10,28,3678
2007,10,27,6874
2007,10,26,10336
2007,10,25,24194
2007,10,24,31885
2007,10,23,24213
2007,10,22,22841
2007,10,21,27423
2007,10,20,28301
2007,10,19,18777
2007,10,18,16690
2007,10,17,22888
2007,10,16,26162
2007,10,15,11433
2007,10,14,26453
2007,10,13,18281
2007,10,12,23462
2007,10,11,7229
2007,10,10,2450
2007,10,09,28112
2007,10,08,9343
2007,10,07,26497
2007,10,06,29643
2007,10,05,17549
2007,10,04,14128
2007,10,03,22157
2007,10,02,4666
2007,10,01,24060
2007,09,30,228
2007,09,29,16832
2007,09,28,24661
2007,09,27,2533
2007,09,26,29838
2007,09,25,16410
2007,09,24,18071
2007,09,23,8937
2007,09,22,10556
2007,09,21,21631
2007,09,20,32142
2007,09,19,21533
2007,09,18,31446
2007,09,17,6387
2007,09,16,7795
2007,09,15,24554
2007,09,14,16486
2007,09,13,8548
2007,09,12,22024
2007,09,11,19733
2007,09,10,30375
2007,09,09,28172
2007,09,08,31226
2007,09,07,17213
2007,09,06,32210
2007,09,05,5498
2007,09,04,18737
2007,09,03,2127
2007,09,02,16581
2007,09,01,2042
2007,08,31,30073
2007,08,30,6215
2007,08,29,2630
2007,08,28,18298
2007,08,27,29509
2007,08,26,2507
2007,08,25,4737
2007,08,24,4382
2007,08,23,31095
2007,08,22,5641
2007,08,21,21087
2007,08,20,14267
2007,08,19,30646
2007,08,18,5809
2007,08,17,5584
2007,08,16,20432
2007,08,15,2597
2007,08,14,8790
2007,08,13,3925
2007,08,12,14490
2007,08,11,18310
2007,08,10,20652
2007,08,09,5055
2007,08,08,10229
2007,08,07,26627
2007,08,06,29785
2007,08,05,20656
2007,08,04,3315
2007,08,03,21376
2007,08,02,6310
2007,08,01,23455
2007,07,31,26488
2007,07,30,12725
2007,07,29,15436
2007,07,28,18990
2007,07,27,16047
2007,07,26,431
2007,07,25,11965
2007,07,24,15983
2007,07,23,17007
2007,07,22,21231
2007,07,21,4243
2007,07,20,19177
2007,07,19,19941
2007,07,18,17034
2007,07,17,4103
2007,07,16,26361
2007,07,15,12984
2007,07,14,6176
2007,07,13,11452
2007,07,12,16634
2007,07,11,9180
2007,07,10,6519
2007,07,09,12279
2007,07,08,7555
2007,07,07,16634
2007,07,06,14826
2007,07,05,19948
2007,07,04,24873
2007,07,03,1221
2007,07,02,25561
2007,07,01,5965
2007,06,30,5074
2007,06,29,30448
2007,06,28,23257
2007,06,27,7868
2007,06,26,27190
2007,06,25,17958
2007,06,24,4535
2007,06,23,23300
2007,06,22,1232
2007,06,21,19347
2007,06,20,29107
2007,06,19,19362
2007,06,18,14954
2007,06,17,12089
2007,06,16,9559
2007,06,15,4234
2007,06,14,4743
2007,06,13,7356
2007,06,12,6375
2007,06,11,1571
2007,06,10,15086
2007,06,09,6847
2007,06,08,6629
2007,06,07,26277
2007,06,06,986
2007,06,05,31576
2007,06,04,10625
2007,06,03,32479
2007,06,02,14298
2007,06,01,3993
2007,05,31,19785
2007,05,30,14151
2007,05,29,23138
2007,05,28,8886
2007,05,27,30861
2007,05,26,16407
2007,05,25,20729
2007,05,24,18834
2007,05,23,16320
2007,05,22,29605
2007,05,21,1445
2007,05,20,26408
2007,05,19,15288
2007,05,18,25752
2007,05,17,32326
2007,05,16,28696
2007,05,15,22831
2007,05,14,23459
2007,05,13,30363
2007,05,12,4686
2007,05,11,3157
2007,05,10,29718
2007,05,09,6706
2007,05,08,2248
2007,05,07,12022
2007,05,06,21441
2007,05,05,17224
2007,05,04,24830
2007,05,03,1139
2007,05,02,25614
2007,05,01,891
2007,04,30,24186
2007,04,29,30947
2007,04,28,13088
2007,04,27,11346
2007,04,26,25040
2007,04,25,28269
2007,04,24,29293
2007,04,23,6522
2007,04,22,23847
2007,04,21,20149
2007,04,20,10202
2007,04,19,11334
2007,04,18,30852
2007,04,17,21042
2007,04,16,5163
2007,04,15,19372
2007,04,14,20447
2007,04,13,26129
2007,04,12,4976
2007,04,11,30526
2007,04,10,11800
2007,04,09,22637
2007,04,08,1604
2007,04,07,7783
2007,04,06,22535
2007,04,05,29745
2007,04,04,28559
2007,04,03,21009
2007,04,02,32232
2007,04,01,13423
2007,03,31,7862
2007,03,30,2731
2007,03,29,10073
2007,03,28,3891
2007,03,27,6775
2007,03,26,11752
2007,03,25,14181
2007,03,24,32491
2007,03,23,12597
2007,03,22,24957
2007,03,21,30733
2007,03,20,24336
2007,03,19,17561
2007,03,18,25739
2007,03,17,5880
2007,03,16,14338
2007,03,15,21499
2007,03,14,23545
2007,03,13,24951
2007,03,12,32183
2007,03,11,17168
2007,03,10,27916
2007,03,09,22394
2007,03,08,20995
2007,03,07,7093
2007,03,06,18059
2007,03,05,9019
2007,03,04,9317
2007,03,03,6213
2007,03,02,6941
2007,03,01,15328
2007,02,28,5111
2007,02,27,31608
2007,02,26,20580
2007,02,25,10735
2007,02,24,21073
2007,02,23,31091
2007,02,22,16969
2007,02,21,7805
2007,02,20,20553
2007,02,19,4573
2007,02,18,3302
2007,02,17,10790
2007,02,16,23229
2007,02,15,2828
2007,02,14,929
2007,02,13,6979
2007,02,12,27560
2007,02,11,15773
2007,02,10,26972
2007,02,09,18944
2007,02,08,637
2007,02,07,765
2007,02,06,23638
2007,02,05,14724
2007,02,04,25173
2007,02,03,2454
2007,02,02,11376
2007,02,01,6358
2007,01,31,20886
2007,01,30,5426
2007,01,29,15830
2007,01,28,19331
2007,01,27,22506
2007,01,26,27992
2007,01,25,24546
2007,01,24,14072
2007,01,23,6044
2007,01,22,10613
2007,01,21,29993
2007,01,20,30017
2007,01,19,16661
2007,01,18,32603
2007,01,17,1502
2007,01,16,26452
2007,01,15,27590
2007,01,14,26967
2007,01,13,8067
2007,01,12,29116
2007,01,11,3471
2007,01,10,28489
2007,01,09,19350
2007,01,08,15405
2007,01,07,20120
2007,01,06,4498
2007,01,05,11720
2007,01,04,19904
2007,01,03,16485
2007,01,02,21674
2007,01,01,10632
2006,12,31,17898
2006,12,30,12190
2006,12,29,24569
2006,12,28,2878
2006,12,27,13932
2006,12,26,13539
2006,12,25,17543
2006,12,24,12374
2006,12,23,796
2006,12,22,30327
2006,12,21,8435
2006,12,20,2437
2006,12,19,20201
2006,12,18,28579
2006,12,17,29434
2006,12,16,9967
2006,12,15,21470
2006,12,14,25049
2006,12,13,9844
2006,12,12,23385
2006,12,11,1312
2006,12,10,14511
2006,12,09,11777
2006,12,08,32345
2006,12,07,22226
2006,12,06,5604
2006,12,05,21259
2006,12,04,19425
2006,12,03,23140
2006,12,02,4394
2006,12,01,14086
2006,11,30,9802
2006,11,29,28010
2006,11,28,758
2006,11,27,5140
2006,11,26,2946
2006,11,25,11359
2006,11,24,23164
2006,11,23,20970
2006,11,22,3554
2006,11,21,11636
2006,11,20,30990
2006,11,19,21372
2006,11,18,14721
2006,11,17,6542
2006,11,16,24420
2006,11,15,29690
2006,11,14,22937
2006,11,13,9719
2006,11,12,16044
2006,11,11,20084
2006,11,10,26474
2006,11,09,12582
2006,11,08,31630
2006,11,07,23878
2006,11,06,30228
2006,11,05,25753
2006,11,04,7969
2006,11,03,30165
2006,11,02,9322
2006,11,01,2107
2006,10,31,3070
2006,10,30,11385
2006,10,29,611
2006,10,28,20744
2006,10,27,2912
2006,10,26,6275
2006,10,25,2769
2006,10,24,31230
2006,10,23,22809
2006,10,22,20292
2006,10,21,13632
2006,10,20,11761
2006,10,19,23382
2006,10,18,7062
2006,10,17,27116
2006,10,16,20456
2006,10,15,20767
2006,10,14,27814
2006,10,13,17356
2006,10,12,13752
2006,10,11,30623
2006,10,10,13463
2006,10,09,25803
2006,10,08,29215
2006,10,07,28731
2006,10,06,29145
2006,10,05,14235
2006,10,04,31676
2006,10,03,8586
2006,10,02,10408
2006,10,01,2456
2006,09,30,8185
2006,09,29,18962
2006,09,28,11626
2006,09,27,24378
2006,09,26,2010
2006,09,25,12185
2006,09,24,12762
2006,09,23,30
2006,09,22,22376
2006,09,21,16247
2006,09,20,28264
2006,09,19,4374
2006,09,18,32101
2006,09,17,4985
2006,09,16,9577
2006,09,15,27786
2006,09,14,12303
2006,09,13,21193
2006,09,12,18101
2006,09,11,26381
2006,09,10,10522
2006,09,09,2367
2006,09,08,12161
2006,09,07,1336
2006,09,06,28317
2006,09,05,22707
2006,09,04,551
2006,09,03,8687
2006,09,02,32096
2006,09,01,20312
2006,08,31,23422
2006,08,30,23709
2006,08,29,9524
2006,08,28,22152
2006,08,27,14150
2006,08,26,10857
2006,08,25,30359
2006,08,24,96
2006,08,23,24441
2006,08,22,13422
2006,08,21,20294
2006,08,20,17412
2006,08,19,2365
2006,08,18,17670
2006,08,17,11899
2006,08,16,18090
2006,08,15,30665
2006,08,14,1838
2006,08,13,7122
2006,08,12,13731
2006,08,11,12244
2006,08,10,19091
2006,08,09,15626
2006,08,08,10513
2006,08,07,27269
2006,08,06,26258
2006,08,05,17151
2006,08,04,9026
2006,08,03,1657
2006,08,02,19439
2006,08,01,4541
2006,07,31,27399
2006,07,30,19745
2006,07,29,26804
2006,07,28,23611
2006,07,27,22277
2006,07,26,24094
2006,07,25,15479
2006,07,24,22564
2006,07,23,29532
2006,07,22,24801
2006,07,21,4523
2006,07,20,7522
2006,07,19,27346
2006,07,18,7943
2006,07,17,21419
2006,07,16,19933
2006,07,15,14272
2006,07,14,31019
2006,07,13,12014
2006,07,12,22841
2006,07,11,26566
2006,07,10,17284
2006,07,09,27894
2006,07,08,20247
2006,07,07,8385
2006,07,06,15556
2006,07,05,7206
2006,07,04,13079
2006,07,03,23196
2006,07,02,27582
2006,07,01,10606
2006,06,30,7342
2006,06,29,14210
2006,06,28,26683
2006,06,27,8086
2006,06,26,23134
2006,06,25,29380
2006,06,24,23567
2006,06,23,2225
2006,06,22,29141
2006,06,21,10849
2006,06,20,6098
2006,06,19,10869
2006,06,18,3103
2006,06,17,28833
2006,06,16,31734
2006,06,15,11078
2006,06,14,15144
2006,06,13,27357
2006,06,12,11323
2006,06,11,6178
2006,06,10,7847
2006,06,09,2102
2006,06,08,14030
2006,06,07,22328
2006,06,06,30657
2006,06,05,24134
2006,06,04,3018
2006,06,03,6422
2006,06,02,14449
2006,06,01,16133
2006,05,31,6849
2006,05,30,5701
2006,05,29,24394
2006,05,28,14852
2006,05,27,6951
2006,05,26,16641
2006,05,25,21300
2006,05,24,7000
2006,05,23,29226
2006,05,22,31777
2006,05,21,9623
2006,05,20,755
2006,05,19,29210
2006,05,18,20100
2006,05,17,25117
2006,05,16,3553
2006,05,15,31869
2006,05,14,12408
2006,05,13,21760
2006,05,12,20670
2006,05,11,17599
2006,05,10,663
2006,05,09,11968
2006,05,08,25973
2006,05,07,9447
2006,05,06,22966
2006,05,05,1028
2006,05,04,24106
2006,05,03,26144
2006,05,02,2638
2006,05,01,17170
2006,04,30,5801
2006,04,29,132
2006,04,28,31321
2006,04,27,18466
2006,04,26,1177
2006,04,25,11464
2006,04,24,21087
2006,04,23,5543
2006,04,22,9266
2006,04,21,32619
2006,04,20,26549
2006,04,19,31052
2006,04,18,17224
2006,04,17,29639
2006,04,16,16378
2006,04,15,4491
2006,04,14,5762
2006,04,13,21515
2006,04,12,21238
2006,04,11,17466
2006,04,10,24201
2006,04,09,8227
2006,04,08,9476
2006,04,07,30848
2006,04,06,25409
2006,04,05,5208
2006,04,04,28723
2006,04,03,25247
2006,04,02,24714
2006,04,01,21746
2006,03,31,32468
2006,03,30,19151
2006,03,29,31129
2006,03,28,29606
2006,03,27,15483
2006,03,26,1733
2006,03,25,17901
2006,03,24,27376
2006,03,23,4336
2006,03,22,15814
2006,03,21,28574
2006,03,20,3003
2006,03,19,30559
2006,03,18,9747
2006,03,17,20204
2006,03,16,7855
2006,03,15,13656
2006,03,14,16756
2006,03,13,26323
2006,03,12,29924
2006,03,11,18736
2006,03,10,4875
2006,03,09,27003
2006,03,08,21591
2006,03,07,25951
2006,03,06,32428
2006,03,05,30700
2006,03,04,18438
2006,03,03,22140
2006,03,02,10437
2006,03,01,30437
2006,02,28,25036
2006,02,27,19262
2006,02,26,6543
2006,02,25,21851
2006,02,24,8842
2006,02,23,24914
2006,02,22,3327
2006,02,21,932
2006,02,20,12152
2006,02,19,19456
2006,02,18,25480
2006,02,17,6319
2006,02,16,13938
2006,02,15,19436
2006,02,14,5905
2006,02,13,13058
2006,02,12,32572
2006,02,11,23357
2006,02,10,14426
2006,02,09,31476
2006,02,08,28019
2006,02,07,16777
2006,02,06,23186
2006,02,05,18589
2006,02,04,26182
2006,02,03,20253
2006,02,02,14187
2006,02,01,30292
2006,01,31,21116
2006,01,30,27318
2006,01,29,7872
2006,01,28,4385
2006,01,27,20158
2006,01,26,18587
2006,01,25,545
2006,01,24,1588
2006,01,23,2624
2006,01,22,19269
2006,01,21,31759
2006,01,20,30204
2006,01,19,9308
2006,01,18,12642
2006,01,17,23333
2006,01,16,6154
2006,01,15,2653
2006,01,14,1068
2006,01,13,4469
2006,01,12,15837
2006,01,11,16924
2006,01,10,27945
2006,01,09,26949
2006,01,08,26658
2006,01,07,13641
2006,01,06,3376
2006,01,05,27625
2006,01,04,24185
2006,01,03,10464
2006,01,02,19917
2006,01,01,29647
2005,12,31,27420
2005,12,30,9051
2005,12,29,27614
2005,12,28,25971
2005,12,27,15783
2005,12,26,29173
2005,12,25,10631
2005,12,24,13712
2005,12,23,22128
2005,12,22,8878
2005,12,21,30070
2005,12,20,21753
2005,12,19,32743
2005,12,18,25141
2005,12,17,10008
2005,12,16,29719
2005,12,15,24164
2005,12,14,16499
2005,12,13,6527
2005,12,12,8587
2005,12,11,21473
2005,12,10,13250
2005,12,09,19563
2005,12,08,16295
2005,12,07,4261
2005,12,06,31359
2005,12,05,27799
2005,12,04,21920
2005,12,03,10229
2005,12,02,8539
2005,12,01,8635
2005,11,30,7688
2005,11,29,22720
2005,11,28,25617
2005,11,27,20819
2005,11,26,19552
2005,11,25,23056
2005,11,24,32569
2005,11,23,7442
2005,11,22,20380
2005,11,21,13181
2005,11,20,9847
2005,11,19,10070
2005,11,18,22454
2005,11,17,2877
2005,11,16,29813
2005,11,15,25603
2005,11,14,22299
2005,11,13,23759
2005,11,12,27344
2005,11,11,22349
2005,11,10,13648
2005,11,09,16765
2005,11,08,20561
2005,11,07,9164
2005,11,06,21953
2005,11,05,8372
2005,11,04,13702
2005,11,03,7390
2005,11,02,29662
2005,11,01,15913
2005,10,31,17179
2005,10,30,17203
2005,10,29,26942
2005,10,28,16142
2005,10,27,21114
2005,10,26,28661
2005,10,25,4123
2005,10,24,9177
2005,10,23,15158
2005,10,22,13141
2005,10,21,20768
2005,10,20,12759
2005,10,19,23368
2005,10,18,10606
2005,10,17,14435
2005,10,16,3643
2005,10,15,2604
2005,10,14,7083
2005,10,13,12581
2005,10,12,6976
2005,10,11,24185
2005,10,10,2348
2005,10,09,27244
2005,10,08,8622
2005,10,07,30673
2005,10,06,25934
2005,10,05,14462
2005,10,04,31838
2005,10,03,14745
2005,10,02,6453
2005,10,01,3223
2005,09,30,23862
2005,09,29,23114
2005,09,28,23285
2005,09,27,26676
2005,09,26,25018
2005,09,25,18915
2005,09,24,29579
2005,09,23,22313
2005,09,22,31191
2005,09,21,12489
2005,09,20,10646
2005,09,19,29595
2005,09,18,30088
2005,09,17,4311
2005,09,16,24929
2005,09,15,28901
2005,09,14,2765
2005,09,13,18240
2005,09,12,27045
2005,09,11,8834
2005,09,10,24432
2005,09,09,1010
2005,09,08,13458
2005,09,07,5048
2005,09,06,14785
2005,09,05,2124
2005,09,04,21922
2005,09,03,16800
2005,09,02,7751
2005,09,01,27220
2005,08,31,31271
2005,08,30,15015
2005,08,29,19275
2005,08,28,31135
2005,08,27,22681
2005,08,26,563
2005,08,25,11184
2005,08,24,24946
2005,08,23,14991
2005,08,22,21941
2005,08,21,13771
2005,08,20,31061
2005,08,19,32341
2005,08,18,23110
2005,08,17,24828
2005,08,16,1909
2005,08,15,26603
2005,08,14,4953
2005,08,13,31495
2005,08,12,18881
2005,08,11,28237
2005,08,10,19316
2005,08,09,26655
2005,08,08,1643
2005,08,07,8563
2005,08,06,21130
2005,08,05,4817
2005,08,04,2250
2005,08,03,24547
2005,08,02,30726
2005,08,01,8140
2005,07,31,10928
2005,07,30,21459
2005,07,29,26884
2005,07,28,23528
2005,07,27,2371
2005,07,26,17057
2005,07,25,10349
2005,07,24,26170
2005,07,23,14676
2005,07,22,4764
2005,07,21,25497
2005,07,20,7169
2005,07,19,21889
2005,07,18,10521
2005,07,17,29855
2005,07,16,17505
2005,07,15,4903
2005,07,14,3033
2005,07,13,4804
2005,07,12,17138
2005,07,11,26366
2005,07,10,28522
2005,07,09,20449
2005,07,08,4156
2005,07,07,31123
2005,07,06,19177
2005,07,05,13874
2005,07,04,23933
2005,07,03,25235
2005,07,02,16984
2005,07,01,23649
2005,06,30,8881
2005,06,29,13599
2005,06,28,19826
2005,06,27,5410
2005,06,26,5542
2005,06,25,28379
2005,06,24,13024
2005,06,23,11811
2005,06,22,19006
2005,06,21,28405
2005,06,20,21024
2005,06,19,21505
2005,06,18,21761
2005,06,17,23527
2005,06,16,28444
2005,06,15,15188
2005,06,14,23845
2005,06,13,26859
2005,06,12,16175
2005,06,11,25490
2005,06,10,19147
2005,06,09,3199
2005,06,08,9068
2005,06,07,9622
2005,06,06,26948
2005,06,05,4292
2005,06,04,4500
2005,06,03,16989
2005,06,02,13884
2005,06,01,20974
2005,05,31,3528
2005,05,30,29290
2005,05,29,25941
2005,05,28,2508
2005,05,27,21085
2005,05,26,329
2005,05,25,334
2005,05,24,27027
2005,05,23,29199
2005,05,22,32398
2005,05,21,26028
2005,05,20,13391
2005,05,19,30140
2005,05,18,20388
2005,05,17,13735
2005,05,16,15234
2005,05,15,189
2005,05,14,7910
2005,05,13,15424
2005,05,12,12094
2005,05,11,18735
2005,05,10,1082
2005,05,09,21078
2005,05,08,25146
2005,05,07,8972
2005,05,06,14015
2005,05,05,31733
2005,05,04,28407
2005,05,03,20455
2005,05,02,28943
2005,05,01,22620
2005,04,30,17541
2005,04,29,15025
2005,04,28,28972
2005,04,27,13582
2005,04,26,22256
2005,04,25,18149
2005,04,24,4733
2005,04,23,6149
2005,04,22,13770
2005,04,21,4284
2005,04,20,32604
2005,04,19,6487
2005,04,18,20931
2005,04,17,9773
2005,04,16,2105
2005,04,15,5758
2005,04,14,564
2005,04,13,18323
2005,04,12,21030
2005,04,11,24709
2005,04,10,1003
2005,04,09,4174
2005,04,08,18111
2005,04,07,21694
2005,04,06,20320
2005,04,05,22621
2005,04,04,31909
2005,04,03,4135
2005,04,02,6014
2005,04,01,6731
2005,03,31,957
2005,03,30,5904
2005,03,29,29922
2005,03,28,30840
2005,03,27,11795
2005,03,26,5558
2005,03,25,15266
2005,03,24,17663
2005,03,23,4398
2005,03,22,8843
2005,03,21,11772
2005,03,20,22560
2005,03,19,16507
2005,03,18,28359
2005,03,17,8862
2005,03,16,23727
2005,03,15,16951
2005,03,14,30872
2005,03,13,4819
2005,03,12,7456
2005,03,11,26624
2005,03,10,30440
2005,03,09,16080
2005,03,08,7991
2005,03,07,12436
2005,03,06,26570
2005,03,05,18821
2005,03,04,27845
2005,03,03,12027
2005,03,02,7715
2005,03,01,26860
2005,02,28,4870
2005,02,27,10057
2005,02,26,31108
2005,02,25,32303
2005,02,24,3263
2005,02,23,6780
2005,02,22,1093
2005,02,21,32703
2005,02,20,4352
2005,02,19,29544
2005,02,18,3148
2005,02,17,3790
2005,02,16,14039
2005,02,15,8794
2005,02,14,1618
2005,02,13,7058
2005,02,12,26429
2005,02,11,9140
2005,02,10,14727
2005,02,09,30097
2005,02,08,23258
2005,02,07,22406
2005,02,06,27477
2005,02,05,18656
2005,02,04,15500
2005,02,03,26821
2005,02,02,1732
2005,02,01,19555
2005,01,31,13367
2005,01,30,19118
2005,01,29,4303
2005,01,28,15900
2005,01,27,17211
2005,01,26,12637
2005,01,25,2368
2005,01,24,591
2005,01,23,14031
2005,01,22,5822
2005,01,21,28779
2005,01,20,13946
2005,01,19,18206
2005,01,18,16360
2005,01,17,28243
2005,01,16,20922
2005,01,15,22923
2005,01,14,1258
2005,01,13,18208
2005,01,12,23052
2005,01,11,30267
2005,01,10,27899
2005,01,09,29560
2005,01,08,8827
2005,01,07,23294
2005,01,06,7319
2005,01,05,14528
2005,01,04,25981
2005,01,03,13912
2005,01,02,26756
2005,01,01,23297
2004,12,31,23145
2004,12,30,28873
2004,12,29,21868
2004,12,28,24405
2004,12,27,7094
2004,12,26,6304
2004,12,25,31308
2004,12,24,18416
2004,12,23,4811
2004,12,22,923
2004,12,21,3528
2004,12,20,26334
2004,12,19,13895
2004,12,18,15020
2004,12,17,10641
2004,12,16,8825
2004,12,15,27810
2004,12,14,16203
2004,12,13,30757
2004,12,12,1958
2004,12,11,21450
2004,12,10,13000
2004,12,09,2879
2004,12,08,8312
2004,12,07,28570
2004,12,06,5216
2004,12,05,20379
2004,12,04,7579
2004,12,03,23790
2004,12,02,11582
2004,12,01,473
2004,11,30,8347
2004,11,29,17283
2004,11,28,1464
2004,11,27,6616
2004,11,26,26732
2004,11,25,17481
2004,11,24,22795
2004,11,23,8075
2004,11,22,7952
2004,11,21,11965
2004,11,20,11691
2004,11,19,27509
2004,11,18,10684
2004,11,17,7981
2004,11,16,4169
2004,11,15,21945
2004,11,14,2852
2004,11,13,9423
2004,11,12,24289
2004,11,11,16599
2004,11,10,4283
2004,11,09,11740
2004,11,08,26531
2004,11,07,20060
2004,11,06,11735
2004,11,05,8286
2004,11,04,17438
2004,11,03,21476
2004,11,02,27567
2004,11,01,26325
2004,10,31,28797
2004,10,30,27381
2004,10,29,16024
2004,10,28,17564
2004,10,27,440
2004,10,26,6401
2004,10,25,13153
2004,10,24,30950
2004,10,23,27281
2004,10,22,651
2004,10,21,6172
2004,10,20,1319
2004,10,19,3257
2004,10,18,4240
2004,10,17,11458
2004,10,16,19871
2004,10,15,11534
2004,10,14,18685
2004,10,13,10091
2004,10,12,2967
2004,10,11,6812
2004,10,10,9758
2004,10,09,9986
2004,10,08,12386
2004,10,07,11222
2004,10,06,19419
2004,10,05,29504
2004,10,04,18808
2004,10,03,13456
2004,10,02,10143
2004,10,01,24073
2004,09,30,23492
2004,09,29,18608
2004,09,28,23959
2004,09,27,7424
2004,09,26,14232
2004,09,25,12392
2004,09,24,9838
2004,09,23,20205
2004,09,22,25395
2004,09,21,17994
2004,09,20,28526
2004,09,19,26317
2004,09,18,30477
2004,09,17,20593
2004,09,16,20452
2004,09,15,24241
2004,09,14,3234
2004,09,13,10109
2004,09,12,15194
2004,09,11,28226
2004,09,10,30954
2004,09,09,4307
2004,09,08,21845
2004,09,07,6045
2004,09,06,416
2004,09,05,2693
2004,09,04,24998
2004,09,03,4626
2004,09,02,31805
2004,09,01,17028
2004,08,31,12848
2004,08,30,14457
2004,08,29,13659
2004,08,28,10050
2004,08,27,14431
2004,08,26,606
2004,08,25,14856
2004,08,24,13771
2004,08,23,27606
2004,08,22,21195
2004,08,21,22254
2004,08,20,29682
2004,08,19,18105
2004,08,18,18211
2004,08,17,8913
2004,08,16,30735
2004,08,15,24132
2004,08,14,26531
2004,08,13,9256
2004,08,12,6463
2004,08,11,20417
2004,08,10,14310
2004,08,09,9921
2004,08,08,31673
2004,08,07,62
2004,08,06,779
2004,08,05,26058
2004,08,04,20188
2004,08,03,4177
2004,08,02,2600
2004,08,01,31102
2004,07,31,547
2004,07,30,26859
2004,07,29,22354
2004,07,28,5928
2004,07,27,29313
2004,07,26,8931
2004,07,25,9939
2004,07,24,3776
2004,07,23,11875
2004,07,22,12332
2004,07,21,25697
2004,07,20,30926
2004,07,19,29696
2004,07,18,32032
2004,07,17,7133
2004,07,16,29782
2004,07,15,31122
2004,07,14,6642
2004,07,13,32370
2004,07,12,16313
2004,07,11,13445
2004,07,10,12731
2004,07,09,7066
2004,07,08,25468
2004,07,07,6112
2004,07,06,9044
2004,07,05,10192
2004,07,04,31820
2004,07,03,10263
2004,07,02,21047
2004,07,01,16720
2004,06,30,14050
2004,06,29,21335
2004,06,28,17395
2004,06,27,12342
2004,06,26,22626
2004,06,25,17572
2004,06,24,18713
2004,06,23,22941
2004,06,22,4534
2004,06,21,466
2004,06,20,23009
2004,06,19,858
2004,06,18,14170
2004,06,17,6313
2004,06,16,21108
2004,06,15,26168
2004,06,14,8208
2004,06,13,21398
2004,06,12,22854
2004,06,11,16401
2004,06,10,15639
2004,06,09,28814
2004,06,08,12029
2004,06,07,10018
2004,06,06,28682
2004,06,05,22533
2004,06,04,20636
2004,06,03,30625
2004,06,02,3030
2004,06,01,17857
2004,05,31,10311
2004,05,30,5749
2004,05,29,3962
2004,05,28,26507
2004,05,27,4238
2004,05,26,8817
2004,05,25,30177
2004,05,24,13564
2004,05,23,27172
2004,05,22,2292
2004,05,21,31384
2004,05,20,21746
2004,05,19,2903
2004,05,18,16102
2004,05,17,15088
2004,05,16,14537
2004,05,15,24095
2004,05,14,27956
2004,05,13,4376
2004,05,12,28042
2004,05,11,17840
2004,05,10,26112
2004,05,09,26639
2004,05,08,19731
2004,05,07,22602
2004,05,06,3379
2004,05,05,11547
2004,05,04,6394
2004,05,03,2377
2004,05,02,21683
2004,05,01,21784
2004,04,30,25321
2004,04,29,31837
2004,04,28,30800
2004,04,27,4664
2004,04,26,26566
2004,04,25,13645
2004,04,24,10815
2004,04,23,18952
2004,04,22,345
2004,04,21,16634
2004,04,20,6195
2004,04,19,27395
2004,04,18,20236
2004,04,17,20504
2004,04,16,1031
2004,04,15,10800
2004,04,14,29994
2004,04,13,13632
2004,04,12,21906
2004,04,11,2798
2004,04,10,14774
2004,04,09,3586
2004,04,08,27219
2004,04,07,7250
2004,04,06,27517
2004,04,05,1970
2004,04,04,881
2004,04,03,16912
2004,04,02,32311
2004,04,01,28190
2004,03,31,7167
2004,03,30,15740
2004,03,29,23750
2004,03,28,10311
2004,03,27,9634
2004,03,26,25784
2004,03,25,15531
2004,03,24,7215
2004,03,23,5242
2004,03,22,30593
2004,03,21,3042
2004,03,20,31156
2004,03,19,23960
2004,03,18,20331
2004,03,17,11030
2004,03,16,23829
2004,03,15,25737
2004,03,14,6336
2004,03,13,10943
2004,03,12,5359
2004,03,11,3118
2004,03,10,24686
2004,03,09,7192
2004,03,08,4505
2004,03,07,9566
2004,03,06,24011
2004,03,05,305
2004,03,04,28581
2004,03,03,22457
2004,03,02,26098
2004,03,01,12166
2004,02,29,9532
2004,02,28,20839
2004,02,27,37
2004,02,26,7307
2004,02,25,16702
2004,02,24,27536
2004,02,23,5972
2004,02,22,23436
2004,02,21,27418
2004,02,20,5627
2004,02,19,14445
2004,02,18,7730
2004,02,17,759
2004,02,16,19042
2004,02,15,16067
2004,02,14,6552
2004,02,13,6988
2004,02,12,29044
2004,02,11,14681
2004,02,10,18012
2004,02,09,27667
2004,02,08,31188
2004,02,07,9233
2004,02,06,2630
2004,02,05,8780
2004,02,04,28690
2004,02,03,25722
2004,02,02,11302
2004,02,01,15653
2004,01,31,9133
2004,01,30,3644
2004,01,29,18991
2004,01,28,11445
2004,01,27,26490
2004,01,26,16308
2004,01,25,1041
2004,01,24,11295
2004,01,23,30650
2004,01,22,1300
2004,01,21,9735
2004,01,20,24013
2004,01,19,27544
2004,01,18,5190
2004,01,17,9982
2004,01,16,10493
2004,01,15,7975
2004,01,14,1339
2004,01,13,15724
2004,01,12,20218
2004,01,11,22635
2004,01,10,30003
2004,01,09,16827
2004,01,08,32513
2004,01,07,22919
2004,01,06,29931
2004,01,05,19637
2004,01,04,17919
2004,01,03,12049
2004,01,02,22479
2004,01,01,2440
2003,12,31,4541
2003,12,30,15491
2003,12,29,25458
2003,12,28,1326
2003,12,27,24914
2003,12,26,5438
2003,12,25,19151
2003,12,24,87
2003,12,23,9317
2003,12,22,14809
2003,12,21,7436
2003,12,20,19745
2003,12,19,21291
2003,12,18,25875
2003,12,17,30180
2003,12,16,7081
2003,12,15,16697
2003,12,14,9341
2003,12,13,16025
2003,12,12,27667
2003,12,11,30952
2003,12,10,8749
2003,12,09,30256
2003,12,08,10152
2003,12,07,23910
2003,12,06,11223
2003,12,05,2093
2003,12,04,30218
2003,12,03,10684
2003,12,02,6349
2003,12,01,24827
2003,11,30,15932
2003,11,29,10495
2003,11,28,22654
2003,11,27,27756
2003,11,26,673
2003,11,25,15661
2003,11,24,31370
2003,11,23,18176
2003,11,22,7797
2003,11,21,24690
2003,11,20,10731
2003,11,19,14618
2003,11,18,10441
2003,11,17,25226
2003,11,16,8729
2003,11,15,28579
2003,11,14,379
2003,11,13,31829
2003,11,12,26879
2003,11,11,601
2003,11,10,25232
2003,11,09,7952
2003,11,08,8064
2003,11,07,13236
2003,11,06,18722
2003,11,05,11149
2003,11,04,25833
2003,11,03,10488
2003,11,02,885
2003,11,01,6454
2003,10,31,27219
2003,10,30,6321
2003,10,29,22051
2003,10,28,25194
2003,10,27,23377
2003,10,26,29449
2003,10,25,11593
2003,10,24,18310
2003,10,23,23870
2003,10,22,14004
2003,10,21,4474
2003,10,20,1218
2003,10,19,221
2003,10,18,22686
2003,10,17,10581
2003,10,16,22579
2003,10,15,21144
2003,10,14,12218
2003,10,13,7386
2003,10,12,32314
2003,10,11,24979
2003,10,10,10526
2003,10,09,7189
2003,10,08,20702
2003,10,07,19835
2003,10,06,2268
2003,10,05,27911
2003,10,04,8213
2003,10,03,29770
2003,10,02,27384
2003,10,01,29803
2003,09,30,25431
2003,09,29,4424
2003,09,28,21395
2003,09,27,6153
2003,09,26,8382
2003,09,25,15644
2003,09,24,21130
2003,09,23,5417
2003,09,22,24103
2003,09,21,3603
2003,09,20,23604
2003,09,19,12811
2003,09,18,15697
2003,09,17,22683
2003,09,16,22447
2003,09,15,19409
2003,09,14,10454
2003,09,13,17430
2003,09,12,7561
2003,09,11,13979
2003,09,10,10225
2003,09,09,6296
2003,09,08,24473
2003,09,07,1219
2003,09,06,22087
2003,09,05,4269
2003,09,04,8359
2003,09,03,1111
2003,09,02,16744
2003,09,01,23230
2003,08,31,14338
2003,08,30,23179
2003,08,29,9537
2003,08,28,31991
2003,08,27,4604
2003,08,26,4893
2003,08,25,1133
2003,08,24,27055
2003,08,23,6705
2003,08,22,19920
2003,08,21,25873
2003,08,20,7007
2003,08,19,15125
2003,08,18,414
2003,08,17,21599
2003,08,16,21020
2003,08,15,22683
2003,08,14,32541
2003,08,13,1677
2003,08,12,22942
2003,08,11,15065
2003,08,10,15793
2003,08,09,28807
2003,08,08,1153
2003,08,07,32318
2003,08,06,17455
2003,08,05,15869
2003,08,04,22915
2003,08,03,28774
2003,08,02,28904
2003,08,01,27091
2003,07,31,26687
2003,07,30,7807
2003,07,29,17972
2003,07,28,23451
2003,07,27,29965
2003,07,26,31248
2003,07,25,26410
2003,07,24,6883
2003,07,23,24387
2003,07,22,24134
2003,07,21,5885
2003,07,20,1689
2003,07,19,20305
2003,07,18,3870
2003,07,17,20062
2003,07,16,18862
2003,07,15,26128
2003,07,14,16991
2003,07,13,3425
2003,07,12,7989
2003,07,11,31793
2003,07,10,10731
2003,07,09,24459
2003,07,08,18190
2003,07,07,3331
2003,07,06,4280
2003,07,05,22408
2003,07,04,22758
2003,07,03,3942
2003,07,02,17640
2003,07,01,9854
2003,06,30,28545
2003,06,29,19690
2003,06,28,25287
2003,06,27,12296
2003,06,26,4516
2003,06,25,23483
2003,06,24,29965
2003,06,23,32542
2003,06,22,13569
2003,06,21,7828
2003,06,20,20780
2003,06,19,17932
2003,06,18,27155
2003,06,17,12833
2003,06,16,16127
2003,06,15,5521
2003,06,14,4519
2003,06,13,11259
2003,06,12,8289
2003,06,11,24205
2003,06,10,17066
2003,06,09,31383
2003,06,08,10083
2003,06,07,9049
2003,06,06,19129
2003,06,05,29067
2003,06,04,10510
2003,06,03,11382
2003,06,02,14817
2003,06,01,2676
2003,05,31,5650
2003,05,30,14755
2003,05,29,21509
2003,05,28,27329
2003,05,27,20384
2003,05,26,16006
2003,05,25,28894
2003,05,24,23147
2003,05,23,188
2003,05,22,32435
2003,05,21,14797
2003,05,20,31038
2003,05,19,5917
2003,05,18,9690
2003,05,17,20910
2003,05,16,20064
2003,05,15,17210
2003,05,14,26324
2003,05,13,4413
2003,05,12,31445
2003,05,11,779
2003,05,10,5379
2003,05,09,14384
2003,05,08,3866
2003,05,07,10001
2003,05,06,4243
2003,05,05,31840
2003,05,04,18020
2003,05,03,1436
2003,05,02,29254
2003,05,01,8269
2003,04,30,30933
2003,04,29,3621
2003,04,28,21385
2003,04,27,4137
2003,04,26,20031
2003,04,25,12486
2003,04,24,19560
2003,04,23,26426
2003,04,22,18833
2003,04,21,7458
2003,04,20,20159
2003,04,19,3349
2003,04,18,4935
2003,04,17,22763
2003,04,16,21339
2003,04,15,11790
2003,04,14,23115
2003,04,13,19970
2003,04,12,13202
2003,04,11,404
2003,04,10,23274
2003,04,09,2910
2003,04,08,8770
2003,04,07,27455
2003,04,06,9123
2003,04,05,26212
2003,04,04,21086
2003,04,03,19589
2003,04,02,794
2003,04,01,26441
2003,03,31,11488
2003,03,30,30779
2003,03,29,16549
2003,03,28,21218
2003,03,27,12304
2003,03,26,16366
2003,03,25,19478
2003,03,24,161
2003,03,23,8289
2003,03,22,2056
2003,03,21,31932
2003,03,20,18079
2003,03,19,5737
2003,03,18,1192
2003,03,17,26471
2003,03,16,26753
2003,03,15,12885
2003,03,14,9645
2003,03,13,11345
2003,03,12,12081
2003,03,11,4153
2003,03,10,13154
2003,03,09,4890
2003,03,08,15285
2003,03,07,12723
2003,03,06,3272
2003,03,05,20738
2003,03,04,13593
2003,03,03,22132
2003,03,02,13569
2003,03,01,31539
2003,02,28,3738
2003,02,27,27331
2003,02,26,22347
2003,02,25,21335
2003,02,24,16730
2003,02,23,22733
2003,02,22,22043
2003,02,21,20723
2003,02,20,23067
2003,02,19,19524
2003,02,18,9595
2003,02,17,24727
2003,02,16,10633
2003,02,15,5622
2003,02,14,5310
2003,02,13,29631
2003,02,12,14546
2003,02,11,8415
2003,02,10,25719
2003,02,09,23905
2003,02,08,13780
2003,02,07,18422
2003,02,06,14114
2003,02,05,24836
2003,02,04,2570
2003,02,03,18494
2003,02,02,13953
2003,02,01,28086
2003,01,31,1885
2003,01,30,6195
2003,01,29,29603
2003,01,28,29322
2003,01,27,28716
2003,01,26,3008
2003,01,25,12779
2003,01,24,23462
2003,01,23,12324
2003,01,22,11010
2003,01,21,15363
2003,01,20,9415
2003,01,19,9677
2003,01,18,31679
2003,01,17,5601
2003,01,16,14302
2003,01,15,8450
2003,01,14,22484
2003,01,13,25232
2003,01,12,8258
2003,01,11,9903
2003,01,10,19553
2003,01,09,6541
2003,01,08,15215
2003,01,07,7393
2003,01,06,16101
2003,01,05,19381
2003,01,04,9073
2003,01,03,27983
2003,01,02,3093
2003,01,01,28053
2002,12,31,30851
2002,12,30,32523
2002,12,29,23983
2002,12,28,26733
2002,12,27,29856
2002,12,26,30149
2002,12,25,7394
2002,12,24,31004
2002,12,23,16889
2002,12,22,438
2002,12,21,30488
2002,12,20,8654
2002,12,19,404
2002,12,18,26156
2002,12,17,5864
2002,12,16,152
2002,12,15,22590
2002,12,14,32239
2002,12,13,8005
2002,12,12,9301
2002,12,11,21
2002,12,10,9108
2002,12,09,31162
2002,12,08,25016
2002,12,07,20352
2002,12,06,2052
2002,12,05,4402
2002,12,04,4060
2002,12,03,24265
2002,12,02,9832
2002,12,01,16693
2002,11,30,22762
2002,11,29,5537
2002,11,28,8663
2002,11,27,26761
2002,11,26,16568
2002,11,25,11510
2002,11,24,6068
2002,11,23,29986
2002,11,22,26303
2002,11,21,12508
2002,11,20,30507
2002,11,19,21214
2002,11,18,13169
2002,11,17,7235
2002,11,16,10929
2002,11,15,27040
2002,11,14,24262
2002,11,13,15330
2002,11,12,19414
2002,11,11,6536
2002,11,10,31540
2002,11,09,23748
2002,11,08,30751
2002,11,07,1037
2002,11,06,12091
2002,11,05,4637
2002,11,04,25078
2002,11,03,9235
2002,11,02,12226
2002,11,01,4152
2002,10,31,2435
2002,10,30,21591
2002,10,29,22860
2002,10,28,18503
2002,10,27,20510
2002,10,26,14833
2002,10,25,7607
2002,10,24,6667
2002,10,23,29494
2002,10,22,13356
2002,10,21,926
2002,10,20,11345
2002,10,19,10365
2002,10,18,24390
2002,10,17,4424
2002,10,16,13235
2002,10,15,21474
2002,10,14,29309
2002,10,13,7544
2002,10,12,32484
2002,10,11,28967
2002,10,10,25424
2002,10,09,20797
2002,10,08,16670
2002,10,07,15172
2002,10,06,14514
2002,10,05,28287
2002,10,04,12049
2002,10,03,16638
2002,10,02,5564
2002,10,01,15458
2002,09,30,8432
2002,09,29,15411
2002,09,28,854
2002,09,27,8917
2002,09,26,11245
2002,09,25,30458
2002,09,24,14328
2002,09,23,21005
2002,09,22,7361
2002,09,21,5250
2002,09,20,6166
2002,09,19,247
2002,09,18,11077
2002,09,17,26957
2002,09,16,28908
2002,09,15,27351
2002,09,14,29041
2002,09,13,27148
2002,09,12,29787
2002,09,11,13519
2002,09,10,21148
2002,09,09,20521
2002,09,08,32112
2002,09,07,4500
2002,09,06,22421
2002,09,05,8602
2002,09,04,19831
2002,09,03,28141
2002,09,02,12163
2002,09,01,4203
2002,08,31,14236
2002,08,30,10463
2002,08,29,27152
2002,08,28,28542
2002,08,27,501
2002,08,26,20003
2002,08,25,124
2002,08,24,32671
2002,08,23,22041
2002,08,22,14424
2002,08,21,29327
2002,08,20,15042
2002,08,19,27032
2002,08,18,21545
2002,08,17,5795
2002,08,16,20643
2002,08,15,10007
2002,08,14,9381
2002,08,13,53
2002,08,12,15330
2002,08,11,16116
2002,08,10,20431
2002,08,09,28773
2002,08,08,15861
2002,08,07,18081
2002,08,06,7095
2002,08,05,12295
2002,08,04,30843
2002,08,03,444
2002,08,02,4299
2002,08,01,17576
2002,07,31,14161
2002,07,30,28180
2002,07,29,2017
2002,07,28,5931
2002,07,27,20322
2002,07,26,21130
2002,07,25,14876
2002,07,24,16609
2002,07,23,20063
2002,07,22,998
2002,07,21,16729
2002,07,20,25842
2002,07,19,30569
2002,07,18,19992
2002,07,17,14426
2002,07,16,15286
2002,07,15,198
2002,07,14,29610
2002,07,13,19116
2002,07,12,16527
2002,07,11,4081
2002,07,10,24199
2002,07,09,12525
2002,07,08,20370
2002,07,07,13650
2002,07,06,23955
2002,07,05,134
2002,07,04,4014
2002,07,03,3683
2002,07,02,19257
2002,07,01,18780
2002,06,30,1933
2002,06,29,3319
2002,06,28,30849
2002,06,27,9358
2002,06,26,14735
2002,06,25,311
2002,06,24,28814
2002,06,23,6114
2002,06,22,16980
2002,06,21,19469
2002,06,20,12484
2002,06,19,29039
2002,06,18,28178
2002,06,17,1817
2002,06,16,6852
2002,06,15,733
2002,06,14,13713
2002,06,13,950
2002,06,12,32431
2002,06,11,24399
2002,06,10,29423
2002,06,09,28894
2002,06,08,13392
2002,06,07,14412
2002,06,06,17006
2002,06,05,28154
2002,06,04,467
2002,06,03,6294
2002,06,02,25086
2002,06,01,9934
2002,05,31,28060
2002,05,30,24319
2002,05,29,25160
2002,05,28,1812
2002,05,27,28470
2002,05,26,30647
2002,05,25,17597
2002,05,24,5679
2002,05,23,8734
2002,05,22,15529
2002,05,21,12503
2002,05,20,11790
2002,05,19,26245
2002,05,18,29380
2002,05,17,26550
2002,05,16,12404
2002,05,15,19715
2002,05,14,8740
2002,05,13,13112
2002,05,12,23031
2002,05,11,13492
2002,05,10,25953
2002,05,09,29584
2002,05,08,18194
2002,05,07,4106
2002,05,06,23755
2002,05,05,26096
2002,05,04,13123
2002,05,03,6951
2002,05,02,19536
2002,05,01,19009
2002,04,30,7933
2002,04,29,19440
2002,04,28,12423
2002,04,27,4060
2002,04,26,3595
2002,04,25,19504
2002,04,24,6243
2002,04,23,16863
2002,04,22,15184
2002,04,21,21758
2002,04,20,4799
2002,04,19,31085
2002,04,18,5217
2002,04,17,10569
2002,04,16,20500
2002,04,15,8849
2002,04,14,5633
2002,04,13,28518
2002,04,12,22939
2002,04,11,279
2002,04,10,22708
2002,04,09,16235
2002,04,08,15025
2002,04,07,752
2002,04,06,12081
2002,04,05,3119
2002,04,04,5656
2002,04,03,9967
2002,04,02,21227
2002,04,01,26330
2002,03,31,15577
2002,03,30,32638
2002,03,29,29857
2002,03,28,14143
2002,03,27,21857
2002,03,26,2150
2002,03,25,11360
2002,03,24,6972
2002,03,23,10545
2002,03,22,4825
2002,03,21,9473
2002,03,20,9522
2002,03,19,21015
2002,03,18,2751
2002,03,17,8614
2002,03,16,23260
2002,03,15,29885
2002,03,14,19326
2002,03,13,24084
2002,03,12,8940
2002,03,11,3675
2002,03,10,6350
2002,03,09,16272
2002,03,08,11908
2002,03,07,9358
2002,03,06,7414
2002,03,05,8
2002,03,04,20126
2002,03,03,3319
2002,03,02,20049
2002,03,01,31662
2002,02,28,13053
2002,02,27,10981
2002,02,26,32290
2002,02,25,12365
2002,02,24,12298
2002,02,23,7969
2002,02,22,27877
2002,02,21,3243
2002,02,20,26884
2002,02,19,12884
2002,02,18,19545
2002,02,17,3986
2002,02,16,1380
2002,02,15,9649
2002,02,14,17920
2002,02,13,18303
2002,02,12,16320
2002,02,11,703
2002,02,10,7843
2002,02,09,2207
2002,02,08,17517
2002,02,07,10405
2002,02,06,7673
2002,02,05,5485
2002,02,04,30805
2002,02,03,15330
2002,02,02,9549
2002,02,01,6679
2002,01,31,11043
2002,01,30,12172
2002,01,29,14692
2002,01,28,3594
2002,01,27,21519
2002,01,26,18795
2002,01,25,19372
2002,01,24,16893
2002,01,23,26712
2002,01,22,7134
2002,01,21,16364
2002,01,20,24214
2002,01,19,4439
2002,01,18,1888
2002,01,17,27899
2002,01,16,10447
2002,01,15,32732
2002,01,14,30024
2002,01,13,1626
2002,01,12,20804
2002,01,11,9003
2002,01,10,10326
2002,01,09,31732
2002,01,08,27790
2002,01,07,14077
2002,01,06,14721
2002,01,05,32509
2002,01,04,16209
2002,01,03,279
2002,01,02,24810
2002,01,01,27598
2001,12,31,29850
2001,12,30,1204
2001,12,29,32588
2001,12,28,4017
2001,12,27,27668
2001,12,26,20877
2001,12,25,17030
2001,12,24,13628
2001,12,23,13939
2001,12,22,5618
2001,12,21,5409
2001,12,20,27977
2001,12,19,30982
2001,12,18,17950
2001,12,17,14068
2001,12,16,10567
2001,12,15,18459
2001,12,14,3929
2001,12,13,27496
2001,12,12,14854
2001,12,11,2354
2001,12,10,26291
2001,12,09,4556
2001,12,08,15465
2001,12,07,27531
2001,12,06,13678
2001,12,05,3202
2001,12,04,20753
2001,12,03,30222
2001,12,02,22719
2001,12,01,2825
2001,11,30,15646
2001,11,29,22442
2001,11,28,2963
2001,11,27,12164
2001,11,26,21868
2001,11,25,20505
2001,11,24,21571
2001,11,23,6260
2001,11,22,11324
2001,11,21,23105
2001,11,20,32655
2001,11,19,17256
2001,11,18,8329
2001,11,17,12603
2001,11,16,22275
2001,11,15,25404
2001,11,14,17076
2001,11,13,3846
2001,11,12,1359
2001,11,11,12991
2001,11,10,23868
2001,11,09,17982
2001,11,08,18772
2001,11,07,920
2001,11,06,15869
2001,11,05,23248
2001,11,04,24435
2001,11,03,13547
2001,11,02,20096
2001,11,01,28805
2001,10,31,21831
2001,10,30,21608
2001,10,29,18381
2001,10,28,10502
2001,10,27,3922
2001,10,26,31954
2001,10,25,30537
2001,10,24,5512
2001,10,23,21158
2001,10,22,20521
2001,10,21,4328
2001,10,20,14507
2001,10,19,3868
2001,10,18,21928
2001,10,17,13228
2001,10,16,3658
2001,10,15,20849
2001,10,14,6068
2001,10,13,28862
2001,10,12,4621
2001,10,11,26476
2001,10,10,6842
2001,10,09,32632
2001,10,08,15887
2001,10,07,32021
2001,10,06,6245
2001,10,05,25879
2001,10,04,1532
2001,10,03,6381
2001,10,02,15437
2001,10,01,8107
2001,09,30,13055
2001,09,29,11433
2001,09,28,24013
2001,09,27,23355
2001,09,26,20321
2001,09,25,8103
2001,09,24,23886
2001,09,23,764
2001,09,22,18400
2001,09,21,1740
2001,09,20,1335
2001,09,19,2073
2001,09,18,21033
2001,09,17,12798
2001,09,16,27695
2001,09,15,23314
2001,09,14,6966
2001,09,13,11696
2001,09,12,13890
2001,09,11,26663
2001,09,10,30927
2001,09,09,11902
2001,09,08,11058
2001,09,07,8416
2001,09,06,1030
2001,09,05,22806
2001,09,04,348
2001,09,03,28703
2001,09,02,23913
2001,09,01,27792
2001,08,31,5637
2001,08,30,16988
2001,08,29,32105
2001,08,28,13832
2001,08,27,29720
2001,08,26,28916
2001,08,25,20829
2001,08,24,1789
2001,08,23,4315
2001,08,22,25123
2001,08,21,9180
2001,08,20,7853
2001,08,19,16474
2001,08,18,4386
2001,08,17,31031
2001,08,16,12283
2001,08,15,13614
2001,08,14,14356
2001,08,13,26629
2001,08,12,26237
2001,08,11,17033
2001,08,10,24548
2001,08,09,13558
2001,08,08,18367
2001,08,07,1627
2001,08,06,28958
2001,08,05,16998
2001,08,04,25767
2001,08,03,24553
2001,08,02,5977
2001,08,01,7763
2001,07,31,7629
2001,07,30,16245
2001,07,29,23720
2001,07,28,18650
2001,07,27,6740
2001,07,26,22472
2001,07,25,14881
2001,07,24,8421
2001,07,23,26450
2001,07,22,30810
2001,07,21,1279
2001,07,20,13138
2001,07,19,7220
2001,07,18,21785
2001,07,17,12844
2001,07,16,3599
2001,07,15,22198
2001,07,14,2691
2001,07,13,26928
2001,07,12,8136
2001,07,11,14845
2001,07,10,22148
2001,07,09,8614
2001,07,08,15560
2001,07,07,16054
2001,07,06,17694
2001,07,05,25060
2001,07,04,30688
2001,07,03,28265
2001,07,02,22256
2001,07,01,19118
2001,06,30,16018
2001,06,29,4305
2001,06,28,18886
2001,06,27,17160
2001,06,26,28825
2001,06,25,2414
2001,06,24,13968
2001,06,23,23526
2001,06,22,4525
2001,06,21,6458
2001,06,20,30491
2001,06,19,14390
2001,06,18,11761
2001,06,17,29246
2001,06,16,27101
2001,06,15,24354
2001,06,14,21612
2001,06,13,11686
2001,06,12,11489
2001,06,11,6711
2001,06,10,21674
2001,06,09,1536
2001,06,08,5371
2001,06,07,18430
2001,06,06,11367
2001,06,05,29473
2001,06,04,12477
2001,06,03,27352
2001,06,02,18402
2001,06,01,3037
2001,05,31,11032
2001,05,30,28633
2001,05,29,19580
2001,05,28,12959
2001,05,27,13529
2001,05,26,22770
2001,05,25,16115
2001,05,24,32041
2001,05,23,20183
2001,05,22,25498
2001,05,21,17693
2001,05,20,10523
2001,05,19,19185
2001,05,18,20292
2001,05,17,20900
2001,05,16,4582
2001,05,15,18625
2001,05,14,11805
2001,05,13,14779
2001,05,12,30396
2001,05,11,28776
2001,05,10,28668
2001,05,09,25880
2001,05,08,20196
2001,05,07,12564
2001,05,06,21982
2001,05,05,11316
2001,05,04,21796
2001,05,03,32098
2001,05,02,19429
2001,05,01,26476
2001,04,30,4367
2001,04,29,8571
2001,04,28,20534
2001,04,27,20561
2001,04,26,12729
2001,04,25,5791
2001,04,24,30313
2001,04,23,3723
2001,04,22,7304
2001,04,21,21524
2001,04,20,14839
2001,04,19,13850
2001,04,18,13904
2001,04,17,32380
2001,04,16,18186
2001,04,15,1682
2001,04,14,4062
2001,04,13,23355
2001,04,12,14754
2001,04,11,27033
2001,04,10,1593
2001,04,09,21177
2001,04,08,8203
2001,04,07,29068
2001,04,06,26090
2001,04,05,8781
2001,04,04,15581
2001,04,03,2529
2001,04,02,25628
2001,04,01,7237
2001,03,31,20213
2001,03,30,28363
